transaction_id,user_id,amount,timestamp,channel,status,device
185e33ec-a748-4248-b073-4172b1973851,user_200,970.93,2025-01-28 21:46:29,P2P,Success,Android
27af5650-0fb5-4eef-97a0-923b11e357f7,user_73,4545.55,2025-01-09 12:30:14,P2P,Success,Android
e29a299a-4ec2-4064-b63e-2cadac234152,user_53,2208.76,2025-02-16 17:28:54,P2P,Failed,Android
2b1dde4a-292b-4c2a-ae6c-9f4c0d6667f2,user_11,4009.96,2025-01-13 02:52:42,QR,Success,Android
2fe771af-ad75-40a8-b7f9-c9a40babae0d,user_172,1421.39,2025-03-25 09:37:11,P2P,Success,Android
bc3af6ea-77fc-48c6-bdcf-86f7fcf12931,user_11,2058.28,2025-03-03 20:57:27,P2P,Success,iOS
728f1460-99f7-4f19-a8fb-b872485f9c94,user_131,2850.87,2025-05-26 20:07:41,QR,Failed,Android
45af396b-9039-447b-974c-b186f4e36bf3,user_3,3096.87,2025-05-06 19:08:58,QR,Failed,Android
97200c73-5b45-4299-9068-30b1b9798cb0,user_126,1358.36,2025-01-10 14:15:15,QR,Success,iOS
b3cfe703-df40-49ca-8101-3eb7da72dd58,user_27,402.04,2025-05-24 08:03:01,QR,Failed,iOS
767bb110-1bef-4b1a-84ea-3b7e7cadf3e2,user_147,2140.0,2025-06-05 09:36:53,P2P,Success,iOS
1eb3cc48-2e77-44f5-b40b-a7aa39c33093,user_73,1927.55,2025-03-08 05:29:40,QR,Success,iOS
f7210dc4-1aac-439c-8a8c-e4b725133e43,user_43,3664.23,2025-04-10 18:36:59,P2P,Failed,iOS
eb5b3e25-6077-4aaf-9db8-f78c1e38ac97,user_105,2862.1,2025-05-05 15:00:00,P2P,Success,iOS
f191e6fe-3252-49bc-b2d9-286b8f77f82a,user_65,1599.76,2025-01-10 19:14:08,QR,Success,iOS
b341c686-0653-4fd9-9c9e-ef5976658cf1,user_27,3146.81,2025-03-07 13:16:00,P2P,Failed,Android
e9628cac-4c8b-4505-a0ef-9e220655ab0a,user_120,4764.23,2025-02-20 06:31:38,P2P,Failed,iOS
eceb5974-5196-466d-bdb8-2086e53aeb13,user_36,1567.0,2025-02-24 01:15:45,P2P,Success,Android
2ee887a2-22f9-4228-8ab8-baf4c126262d,user_10,2318.38,2025-05-11 00:35:26,QR,Success,iOS
b7ed9728-031e-458d-aad2-578c6e3c8502,user_138,447.84,2025-01-30 15:15:21,P2P,Success,iOS
3054a6cb-0329-4418-8c05-812ec0dc25aa,user_178,2715.15,2025-03-18 17:18:09,P2P,Failed,iOS
1c8fc84f-0ed2-405c-8dae-205606d0e156,user_32,1163.83,2025-05-09 16:09:39,QR,Success,Android
46ad5941-8073-4e96-93a0-c47945bdd7a9,user_135,1190.36,2025-05-12 08:03:55,QR,Failed,iOS
156b160a-5eb0-4fee-a677-75cc48ddcdc9,user_182,44.87,2025-02-22 03:39:37,QR,Success,Android
bc7699e9-e1fa-4984-bee7-946e6c45684a,user_124,4345.7,2025-02-22 01:57:42,P2P,Failed,Android
af919474-4cc5-4df3-88f2-614e0a044f1f,user_181,4118.14,2025-01-24 11:35:16,P2P,Failed,Android
09ad9da5-44c0-4654-991f-cbc128ebba2e,user_20,2510.61,2025-05-21 12:56:22,P2P,Success,iOS
be33dcc7-f45b-419e-b4b4-7873b672e1b9,user_143,4065.6,2025-05-01 00:31:07,QR,Failed,Android
7707ebc5-345a-4a67-b9b0-89647315e6f7,user_21,4481.27,2025-01-19 21:01:59,P2P,Failed,iOS
d09eb013-096a-48dd-b8ba-c93ba7c68b52,user_190,43.55,2025-02-09 03:00:46,QR,Failed,iOS
3726ddd2-b395-404e-8b37-e1e13c789216,user_128,1295.43,2025-05-19 16:09:06,P2P,Success,iOS
fef3d741-7136-4703-bce3-1dbc182e4276,user_196,1080.41,2025-04-04 13:38:59,QR,Success,Android
f2eeddb9-e272-4c90-a9bc-2c10e5712912,user_114,4669.1,2025-01-21 02:51:28,P2P,Failed,Android
b7cd0207-32fa-4862-b15d-90dbe7ad51b1,user_42,3404.43,2025-03-04 23:38:15,P2P,Failed,Android
653c59cb-e242-4cf8-9d67-f671cfcff573,user_105,3712.84,2025-04-19 04:41:42,P2P,Success,Android
f4505395-2a48-45d3-a5a8-dcd14734ef15,user_195,4594.27,2025-02-07 13:01:36,P2P,Success,Android
1ced0e60-312f-48a4-8fe7-91d33399f50d,user_57,1697.84,2025-02-07 17:10:03,QR,Success,iOS
0c0c43c7-01aa-4e4b-82d4-732fcffbf116,user_155,55.25,2025-06-03 16:04:36,QR,Failed,iOS
566368d7-504d-4bc0-b678-8b84454e15b8,user_138,1302.31,2025-06-04 19:07:02,P2P,Failed,iOS
c9db5130-2b9d-4488-9940-73b47f16c215,user_69,2234.46,2025-03-01 22:28:35,P2P,Failed,iOS
3791b139-c33e-49f4-8adf-07de539713ba,user_56,367.82,2025-05-01 02:09:03,QR,Success,iOS
4bbdd659-fb86-4e0a-a32e-3d67e1e3d32e,user_198,258.88,2025-01-30 10:32:45,QR,Success,Android
62e2ecfa-bf70-4c37-9949-b0cf2d61dbdf,user_139,1499.42,2025-04-27 06:43:39,P2P,Success,iOS
a0fbc428-e3ea-4c82-936d-326e135b4a62,user_53,1792.36,2025-03-15 08:26:09,QR,Failed,iOS
ac66730d-0086-44bb-8a1f-f1b7a3ef8626,user_15,4728.59,2025-05-13 15:32:57,P2P,Success,iOS
4fc8b31d-6cdd-40c2-a172-f40080f00244,user_77,746.6,2025-01-13 15:23:59,P2P,Failed,Android
a9fb3fbe-a18a-45cf-9da1-9fcac4b2e6f6,user_91,3948.76,2025-01-07 13:40:52,QR,Success,Android
e262c325-8803-42f5-b9ed-c4173d2209ab,user_72,4886.94,2025-04-28 08:15:22,P2P,Failed,Android
ecaa70d4-beb1-4927-ad1e-2ee0ba88f961,user_57,4566.9,2025-03-03 00:03:40,P2P,Failed,iOS
3cd245f5-60d6-4088-bca2-54c065918a5e,user_187,2974.44,2025-06-11 09:31:37,P2P,Success,Android
4e2a534b-b66a-4cb1-995c-697376ac1a41,user_199,1857.73,2025-05-28 02:17:30,P2P,Success,Android
6dc14ec2-7a0b-4fd0-9ff6-e8b5e14a33ef,user_151,1647.05,2025-04-09 02:30:03,P2P,Success,iOS
67603368-1e3a-44fa-8750-bc8920cfb7e3,user_6,3545.68,2025-01-26 22:23:29,QR,Failed,iOS
1d0896aa-0a9f-4b82-bc25-c22fb5b8e96a,user_49,4963.66,2025-01-20 20:19:43,QR,Failed,iOS
1480fa6b-49b5-42bf-a787-1104ea251a29,user_72,363.86,2025-03-01 01:04:51,QR,Success,iOS
5b7112e8-9dd6-4a1b-96de-761db69df0ac,user_74,1296.97,2025-05-02 05:32:19,QR,Failed,iOS
b20250fd-b5a7-425a-ab60-afe2f298223b,user_51,1349.05,2025-05-03 22:30:00,QR,Failed,Android
bae9cd99-14f2-4b65-82bb-55aa5c12d77e,user_103,4517.83,2025-02-06 08:21:10,P2P,Success,iOS
4a712dda-472e-47a2-9ca2-442cf6dcf2ca,user_41,3993.63,2025-01-22 18:08:39,P2P,Failed,Android
ce88a90c-b149-4cae-b864-f68857909736,user_102,4036.8,2025-03-22 04:55:22,QR,Success,iOS
ef4fb430-c3b3-4978-b2f6-14fb7bb51cb4,user_77,1882.44,2025-03-14 18:08:53,P2P,Success,iOS
57546bbf-89a9-43a1-ae35-4e3c73794d0b,user_48,3616.78,2025-01-31 10:50:29,QR,Success,iOS
7057bfa7-c9f3-4426-bf5d-fd1336261b0f,user_66,2068.12,2025-06-23 02:29:07,P2P,Failed,iOS
b3b9415b-8633-4f31-96c7-ae83200c597e,user_5,4463.3,2025-03-04 13:48:49,QR,Success,Android
c7fa640f-377a-4734-9261-674f5f081707,user_46,4704.75,2025-01-24 04:30:16,P2P,Failed,iOS
44d9d6af-532e-4952-a192-beb350a65d01,user_113,3042.43,2025-03-17 22:14:42,QR,Failed,iOS
14dfc3aa-661e-45ab-8643-c77c92ec955b,user_115,3980.23,2025-05-13 00:45:18,QR,Failed,Android
c8a58cc4-b09f-459b-8dfd-4181916549e0,user_119,3369.34,2025-02-18 01:31:37,P2P,Success,Android
31046f51-244f-4050-b8c4-bbd3594bb9f5,user_60,4796.24,2025-02-08 02:15:42,P2P,Success,Android
5ea38a4e-903e-475e-a567-6503413b32b2,user_33,4147.89,2025-01-18 07:29:07,P2P,Success,iOS
22c7dc52-c374-4434-9474-787a746555be,user_67,683.34,2025-01-09 13:02:25,QR,Failed,Android
6a00243d-0704-4283-895f-266e92b313db,user_44,3539.61,2025-02-16 01:04:39,P2P,Failed,Android
cef4ad74-7b16-4407-9b9b-0e7ae03631ba,user_129,643.93,2025-04-20 18:04:08,P2P,Failed,Android
8c2870f5-60c3-4c72-9cd9-305ce68e8a1c,user_76,1230.68,2025-04-07 18:41:39,QR,Success,iOS
7dd6ac4f-64fc-44cd-a2f0-c6c73a7c570f,user_130,747.96,2025-06-06 21:50:30,QR,Success,Android
76c6d284-bdec-42a7-bdd0-d93fc34b776d,user_56,3631.74,2025-06-17 07:20:06,QR,Success,iOS
a0a42f4d-3cce-4b1f-80f9-47ae22c30acc,user_28,1900.73,2025-04-23 07:46:43,QR,Success,iOS
caa820aa-938c-4931-b89a-8bc21d7b420c,user_64,2672.01,2025-02-01 00:41:08,QR,Success,iOS
06c2bddf-cdcb-4e2b-93db-90f9ed67136d,user_46,486.05,2025-03-22 13:35:48,P2P,Success,iOS
4ca9b81e-048b-4581-81d3-4fa5d3a030bb,user_130,1906.54,2025-01-04 15:14:21,QR,Success,Android
e41ef0d6-bfe9-4b05-8379-370ba2ac5f62,user_83,3335.23,2025-01-22 02:20:48,P2P,Failed,Android
a2241261-64d0-48da-b9f4-805b4a381517,user_16,1269.5,2025-01-10 21:54:24,P2P,Success,Android
791bdd10-585b-44ee-a9ef-e1e3ee9c1854,user_103,1125.15,2025-04-10 06:36:41,QR,Failed,Android
903e3609-e963-4a29-9717-35661dacfd83,user_76,2754.08,2025-01-24 01:56:11,P2P,Success,Android
e368348a-231b-436e-9770-833bfdc35dba,user_129,3998.72,2025-05-04 11:24:06,P2P,Success,Android
ef559980-b34b-4723-9922-37fef27cdcdd,user_190,2332.39,2025-05-19 06:30:45,QR,Failed,iOS
92e7ef53-68a4-4c19-bc30-c1874c5c1778,user_22,2318.14,2025-03-24 10:16:46,QR,Failed,Android
2561187b-ed18-4be4-94b4-69d136fd6899,user_74,4147.07,2025-06-30 00:05:52,QR,Success,iOS
c096ad36-834e-47ab-83c1-b4c0d0d49096,user_155,1639.19,2025-04-28 21:10:43,P2P,Failed,iOS
8cc82c80-a84a-4d1a-9144-e67cb5c88ddb,user_131,483.39,2025-03-14 22:52:04,P2P,Failed,iOS
0fdb7d03-5a1a-4bf7-87f1-2f4930d2ba68,user_32,2965.75,2025-03-09 20:30:41,P2P,Failed,iOS
1db884dd-9d2c-4615-8edd-1c11b8c6e184,user_138,4983.82,2025-06-13 18:16:06,P2P,Success,iOS
ee6555d4-efb0-40cc-a2c5-2c21b1395038,user_6,4350.86,2025-01-24 21:23:07,QR,Success,Android
b28c9165-11d4-4040-bbb4-78819d6fce5a,user_29,1477.28,2025-03-26 16:10:31,P2P,Failed,iOS
dc86314a-6513-495f-9440-c5176e942a59,user_144,3732.75,2025-04-03 18:14:22,P2P,Failed,iOS
8a96e824-83e9-4204-831d-4715e015efce,user_151,4258.68,2025-01-23 07:27:15,P2P,Failed,Android
de1d456b-212e-466a-b164-116f2d806cc0,user_16,479.87,2025-03-26 16:00:54,P2P,Success,iOS
aea98a62-9f52-4b05-9c66-3fd306a0a656,user_95,3394.87,2025-04-26 08:33:10,QR,Failed,iOS
b3645c4d-75a9-4fd5-a689-6ce296e00ee6,user_66,3515.12,2025-04-09 13:20:05,QR,Success,Android
9c72ad03-3452-454a-b28b-10c2b3660a0e,user_198,2628.83,2025-06-02 20:29:11,P2P,Success,iOS
05c36ac9-15d1-45f8-9ff8-d7193dea4750,user_128,4186.89,2025-05-19 02:36:10,QR,Failed,iOS
8f5917d0-3702-4c68-82cd-ccde7084d08e,user_35,1571.69,2025-05-27 09:01:39,QR,Failed,Android
f0c08524-e824-4319-aaba-5f0c28783d43,user_159,4728.68,2025-01-04 23:46:43,P2P,Success,iOS
eb31328a-fc03-47cc-9753-37df0058170e,user_43,466.77,2025-01-25 13:29:37,P2P,Success,iOS
e22ebb23-1ac4-43a5-80d1-fd948ff928b0,user_14,1980.87,2025-03-29 05:13:05,P2P,Success,iOS
60bdca6f-576a-4b25-8e9d-9e731cfab4f1,user_123,3108.32,2025-06-26 14:35:13,QR,Success,iOS
3dcdc115-c0eb-4582-980d-e8332d86929a,user_39,1163.92,2025-05-04 09:25:45,QR,Failed,Android
a2592e56-742d-4988-9a4e-b46a59347396,user_102,3147.7,2025-04-27 10:07:21,P2P,Success,Android
3bb5039d-16f3-42d3-98a5-f9c2451f9dc0,user_155,4058.53,2025-03-23 21:08:19,P2P,Failed,Android
0600df41-2d7c-4056-9f37-ddeb1ee91cb0,user_151,2689.13,2025-01-26 09:44:11,QR,Success,iOS
bc543d7a-368a-4c67-8b6c-121ceefa4b6b,user_168,3939.54,2025-01-03 14:08:05,P2P,Success,Android
afdbffb7-b04e-4d18-bf40-a1f19dba494f,user_34,2895.81,2025-02-20 11:35:16,QR,Success,Android
a6e27619-d264-4eeb-ae6d-b833799b6c5b,user_170,4411.5,2025-05-18 12:00:19,P2P,Success,iOS
d92a5e19-00f9-44b6-aee1-3e70d8c0dde5,user_1,2210.53,2025-02-21 06:08:54,QR,Failed,iOS
e48cab66-0207-42f1-bc3d-0dba2d4dec7a,user_173,4297.01,2025-01-28 10:15:23,P2P,Failed,iOS
59099da3-3f91-42aa-a8f2-4455a22b6f2b,user_114,863.1,2025-06-11 11:54:25,P2P,Failed,Android
b8550d7e-5d42-46ed-9e31-060b8f49cb9d,user_26,3622.43,2025-04-30 19:44:59,QR,Failed,Android
c6fc0b46-1f43-4bb0-8a75-74b25550dd65,user_146,331.85,2025-04-01 14:04:01,QR,Failed,Android
928cacb0-dd6d-474e-9a08-9bb4966add7f,user_186,3840.26,2025-06-28 01:32:13,P2P,Failed,Android
d322d5e9-9c1f-4d82-9965-9a85c651622a,user_132,1844.24,2025-06-15 13:26:15,P2P,Success,iOS
bbc52da2-77c8-4459-bdb6-c77977bb40d4,user_53,3058.83,2025-05-11 06:27:20,QR,Failed,iOS
5fb2f2e8-cc0f-42c5-b10a-4d6654b2c9b6,user_55,403.09,2025-02-05 07:39:23,P2P,Success,Android
fe3e63c0-c8a6-48f8-bccf-fc100f071ad9,user_10,2586.87,2025-03-08 10:34:38,P2P,Success,Android
096d64fd-d400-46ec-83df-f02f553cf0c6,user_196,423.18,2025-06-12 23:30:07,P2P,Success,iOS
4ce9d7d6-2e5c-4b52-a845-12f824f78325,user_73,1968.38,2025-04-07 12:36:42,P2P,Failed,Android
c9f3a6bd-5e6f-4441-9007-d56082421bde,user_92,1185.53,2025-02-24 23:47:13,P2P,Failed,iOS
3fc5db2b-ee30-4080-a1d2-de9736e50a01,user_158,4620.1,2025-05-13 02:14:33,P2P,Success,Android
341a0d66-ccbe-454b-8d96-33aeb9186e05,user_25,1471.71,2025-04-18 16:28:01,QR,Failed,Android
5292fec3-94c0-4a2e-84c0-7192854c64f8,user_157,662.26,2025-01-26 15:08:49,P2P,Success,iOS
34402a8e-f2e3-4a0e-acc9-57610abf032c,user_80,3881.44,2025-04-17 21:50:40,P2P,Failed,Android
03663abf-b956-4590-9b23-b9d882a9b610,user_95,1608.28,2025-03-01 02:45:49,QR,Success,iOS
10984c70-148a-4ad4-90f1-7b16a11a21d5,user_154,3332.24,2025-05-15 22:13:01,QR,Failed,iOS
92dac537-b4a5-4d46-8c37-61b21025c202,user_84,229.14,2025-05-15 08:21:59,P2P,Failed,Android
cdd299df-515a-4ba5-a9d4-0a82d556ef86,user_147,4005.92,2025-05-09 07:22:04,P2P,Failed,iOS
d6762956-dc4b-4d7a-ba76-72884e3212e0,user_15,2939.68,2025-02-20 02:45:03,QR,Success,Android
de804dc9-6279-4307-a8c2-03e1b6b10c5c,user_30,629.07,2025-05-27 17:54:52,P2P,Failed,iOS
5b0db0cd-db01-45fb-b31e-72c849196912,user_29,688.58,2025-05-23 15:38:08,P2P,Success,iOS
93d01516-fccc-4dc7-a081-ea5117f17208,user_39,2193.73,2025-01-31 10:06:58,QR,Failed,iOS
0e156a3a-ad03-49d0-a36a-207b5246eb8c,user_189,4264.71,2025-04-27 23:27:38,P2P,Success,iOS
3fd81123-1fb2-478a-8418-a869d1d1a9ec,user_187,1615.72,2025-03-25 08:48:20,QR,Failed,iOS
8953122d-77fd-44a6-864f-2e28cfa0018b,user_8,2211.15,2025-05-29 08:30:54,QR,Success,Android
04558f57-8e27-46a9-8c64-c7520154af7a,user_98,3981.38,2025-02-05 21:46:03,QR,Failed,Android
3ca86c85-64cb-4d4d-b53b-b7bb5178e3a2,user_59,3341.97,2025-05-13 23:48:23,P2P,Failed,iOS
3aedd5ea-fe53-48fb-b761-daa0ad98088c,user_91,363.12,2025-05-16 08:08:24,QR,Success,Android
ddf755e8-6b3a-4289-9b35-6e74c8437731,user_118,2242.09,2025-06-25 05:34:30,P2P,Failed,iOS
c791b2ac-52dc-4f16-8f7b-4fde9830329d,user_83,3780.41,2025-03-28 07:47:46,P2P,Failed,iOS
580cb7ee-17ca-44fe-b09e-31250c2de57d,user_3,481.58,2025-01-08 02:03:39,P2P,Success,Android
148ac9f1-f4f1-4f1f-aee3-f97a8ba1111a,user_90,553.48,2025-01-21 08:33:02,P2P,Failed,iOS
17a41a1d-0939-435d-9aec-ce418fcdff79,user_119,3782.11,2025-01-23 21:44:53,P2P,Success,iOS
af9d48e3-11fc-4e75-a634-ef9d1c2a03a8,user_185,4656.39,2025-05-20 20:02:11,P2P,Failed,iOS
fb51d64d-012b-4b12-a41b-cf7896cf0077,user_131,1670.68,2025-06-15 18:14:14,P2P,Failed,iOS
724745bf-f80c-4ad2-8136-aec3ce065b2b,user_67,4639.52,2025-03-01 07:35:26,QR,Success,Android
0d74b775-fc51-4b76-9f3e-092cc4294566,user_129,552.71,2025-04-04 14:32:54,P2P,Failed,Android
a1603595-58ef-45b9-800e-0759fd84ef59,user_117,4397.39,2025-05-11 18:49:45,QR,Success,Android
32ae441d-5576-4a51-ae5a-e3d2feca31fc,user_184,3402.67,2025-01-04 16:14:36,P2P,Failed,Android
ea8adcea-5152-4c93-9415-0d5118add801,user_41,2323.57,2025-04-09 18:10:05,QR,Failed,iOS
9e05f2be-06a6-4d88-be31-4e3292e3255f,user_30,2554.33,2025-01-13 11:05:13,P2P,Failed,Android
fc1af016-b301-42f2-b64e-bf859fd8d94e,user_74,4821.06,2025-05-25 09:54:49,QR,Failed,iOS
45369052-8987-4f68-98f8-2e0c329fd886,user_72,456.17,2025-01-30 20:04:34,QR,Failed,Android
eb237efa-6f71-4a38-8999-cce1b63e8517,user_21,2093.66,2025-05-09 23:06:58,P2P,Failed,Android
629f1740-ded7-4fa4-a455-ec20cb88622a,user_86,1770.07,2025-03-26 15:23:29,P2P,Failed,Android
356caa80-994b-4660-a2b8-0ee643fb35aa,user_115,2154.97,2025-06-07 09:30:15,QR,Success,Android
60b7285b-23e6-4c18-9edb-f168452ce8d1,user_82,3907.85,2025-01-05 00:43:14,QR,Success,iOS
027a1d2b-50ac-472e-aee6-f80bf2a787bf,user_41,2642.33,2025-03-25 06:44:58,P2P,Success,Android
42f69bd6-9b76-42de-b34d-8b632b7068ee,user_104,3015.73,2025-04-01 20:15:08,QR,Failed,iOS
61d9f780-4b05-487f-b90a-d0c23d20324f,user_38,3992.35,2025-05-22 10:21:08,P2P,Failed,iOS
5836ef39-79e7-44e5-be8a-208724dbf723,user_126,3258.2,2025-06-22 22:48:36,QR,Success,Android
30b7f208-8e16-4996-9a1e-edc1bf3fae60,user_80,1629.72,2025-03-15 07:16:21,QR,Success,iOS
c31674ec-8d5b-4951-addb-019675d6fd00,user_2,372.68,2025-04-20 21:10:41,P2P,Success,Android
cf59bd0b-924b-41d6-a24f-17bd2b11c014,user_3,3681.96,2025-02-03 06:51:01,QR,Success,Android
551e21c5-89a8-4932-be7c-5aadc42bb5f2,user_1,4942.31,2025-04-19 07:37:03,QR,Success,iOS
45c467cd-4739-4f5b-a875-d0de2fc7fef4,user_153,1228.7,2025-04-01 05:32:32,QR,Success,Android
e5bffb66-f9a6-4358-8d17-8ecd05a52b9c,user_99,363.56,2025-05-20 12:28:55,QR,Failed,iOS
96ac15df-defc-455c-b78b-f69932221b6e,user_101,664.51,2025-04-17 02:57:06,P2P,Failed,iOS
4f35c134-b6c8-42da-aa88-858423ddee24,user_139,4303.96,2025-01-05 11:28:03,QR,Failed,Android
653cff73-a1ae-4026-b134-547c9f8f7e19,user_140,413.75,2025-06-23 09:55:03,QR,Success,Android
632f662a-32b5-493e-ab04-a9cef5ca9f8f,user_94,3417.56,2025-05-25 15:58:08,QR,Failed,iOS
c79c3b90-51b1-40dd-a3bd-9058d6061e64,user_26,3721.49,2025-05-12 18:31:17,P2P,Success,Android
9681d740-f953-45a0-adcf-a5370b3eaee1,user_133,2754.38,2025-01-16 08:39:07,P2P,Failed,iOS
76f35c86-6402-45d9-9b9e-2d69174fb848,user_150,4961.62,2025-03-05 01:11:03,P2P,Success,iOS
f793179a-8506-40d6-bd90-dac95974fb2a,user_164,3808.84,2025-01-29 02:53:21,P2P,Failed,iOS
8e7e0eba-33af-43fd-ba8f-91dd29552885,user_61,1543.57,2025-01-23 02:50:46,QR,Failed,iOS
228cfb0a-f087-42a7-933f-7166b1ff44e1,user_11,2637.74,2025-04-06 22:41:08,QR,Success,Android
0f1a6001-6f49-409b-9898-0cc399c2793f,user_194,4063.17,2025-04-01 18:55:01,P2P,Success,iOS
d9c26bdc-3314-4689-a500-2cecdb28c48d,user_56,1635.67,2025-06-22 08:32:42,P2P,Failed,Android
faddadda-8d3b-45b6-97d3-baececaf0339,user_47,2363.41,2025-05-22 10:13:16,QR,Failed,Android
c2540e41-e067-4913-9067-687056a26157,user_68,223.5,2025-06-04 00:04:36,P2P,Failed,iOS
c4dc80f5-8c1c-4b6c-878a-715eb626a8d8,user_194,2475.41,2025-05-09 08:41:00,P2P,Failed,Android
c22ba72d-777e-4e16-abc5-132af5711810,user_172,4982.51,2025-02-23 19:23:41,P2P,Success,Android
67570acf-c9af-4b74-bf9a-b10a8edc7547,user_97,1026.27,2025-05-14 23:24:21,P2P,Failed,Android
2759e8eb-afc8-4b66-8612-e8c8eaca5c71,user_194,1216.29,2025-05-22 12:10:45,QR,Success,iOS
0c7cbe5a-604b-4919-bf50-967ef5cf145e,user_54,2006.9,2025-03-31 19:39:47,P2P,Success,Android
3795b75c-bb5a-44fc-822a-43671e585895,user_117,1434.35,2025-05-07 18:39:31,P2P,Failed,iOS
6eb8bc33-b4b8-4873-a24f-8d9110b4b53e,user_190,972.32,2025-05-08 10:12:39,QR,Failed,Android
a414fd38-4176-4e87-bb81-ae70c4983e58,user_160,4064.51,2025-01-17 16:24:24,P2P,Failed,iOS
9ace6955-d7a5-4787-86da-bbabe4f9cdb1,user_82,1111.8,2025-01-28 20:43:20,QR,Success,Android
38cdb5c0-8d59-465c-a655-d3f56e03c4c6,user_123,687.4,2025-02-14 07:07:05,P2P,Success,iOS
223c9130-de96-47bc-b0a5-710e0491908b,user_148,4228.3,2025-04-25 07:30:11,QR,Success,iOS
7d5e88d2-665c-4a3a-8fa6-62c9d0debb4a,user_179,3459.11,2025-06-09 20:31:35,QR,Success,iOS
5f5a2eb7-8096-4adc-8da1-f7479c24f320,user_109,503.54,2025-03-21 18:27:29,P2P,Failed,iOS
69d3feb9-fec6-40e1-b3e4-669adb8ea59c,user_76,3213.67,2025-02-13 12:49:48,P2P,Success,iOS
46ecd298-e039-45bf-9379-ec601ab5128f,user_158,3405.4,2025-02-07 07:18:46,QR,Failed,Android
d2d92d27-6e38-4587-b551-26e23eacf1c5,user_33,4243.61,2025-04-29 23:44:35,QR,Success,iOS
71adb3ee-d6b5-44eb-8ec4-f41d0e35af61,user_3,4192.53,2025-02-06 06:30:12,QR,Success,iOS
ff616b87-366a-4f21-9f6d-00a633ff0e93,user_149,1549.65,2025-02-22 20:22:31,QR,Failed,Android
b773679d-e129-4d7e-bac7-99e6758367c6,user_56,1097.06,2025-02-15 19:58:26,P2P,Failed,Android
bb20cc92-6931-4dae-809b-2b071b751f2e,user_95,2462.25,2025-03-04 08:25:09,QR,Failed,Android
debc4912-4a12-48c9-b390-ea5ea2492ea1,user_148,418.76,2025-02-22 07:04:13,QR,Failed,Android
1cb7bcad-4f2e-4455-bc9d-665710556a51,user_172,1119.59,2025-04-21 20:20:58,P2P,Success,iOS
c8961681-7c68-42aa-b241-03ea7322806a,user_129,2061.96,2025-03-19 10:30:22,QR,Failed,Android
5e172bd8-2e76-4eb0-bfd7-c8c461d40828,user_78,578.18,2025-04-23 09:30:50,P2P,Success,Android
087ab34a-cdc7-4bcb-9b13-0b37101defa2,user_23,2400.63,2025-01-31 00:46:46,QR,Failed,iOS
9684d28d-6b40-4beb-a6ee-90c7b7a12af5,user_26,642.91,2025-01-26 04:38:40,QR,Success,iOS
16039e84-eb78-4cd0-a758-35b4a5e21578,user_187,740.0,2025-01-17 08:02:47,QR,Success,Android
94754188-bc61-46a4-b4dd-dffa564717b1,user_178,3476.33,2025-01-28 13:11:55,QR,Failed,iOS
0a10d7a7-3851-4b26-a68c-214e572ad44d,user_156,3595.49,2025-03-16 18:48:34,P2P,Success,iOS
146281a7-9caa-4d56-9e67-a4ab41d29ac0,user_89,1997.65,2025-05-12 12:58:32,P2P,Failed,iOS
8bb6a150-acf2-4237-8def-92d6ae809e96,user_26,3626.69,2025-02-11 12:05:59,P2P,Failed,Android
c7f0b3d7-878d-4b72-8bdb-b28e28b4af24,user_65,1642.13,2025-03-31 23:44:35,P2P,Failed,iOS
a73b36d5-d729-4bd4-b9d0-c24f845b28a7,user_76,4249.64,2025-06-30 10:53:19,P2P,Failed,iOS
214620c4-f88e-4a85-865b-61c12d52874c,user_56,1728.21,2025-02-21 04:18:40,QR,Failed,iOS
07bf9d80-879a-4084-9853-962beb938f22,user_198,3473.05,2025-03-08 14:59:02,P2P,Failed,iOS
95924b99-dff5-47cb-b65c-1d9c8e1cb0c5,user_67,4451.97,2025-03-29 21:18:39,P2P,Success,Android
7f0796a9-375c-4172-8188-fc2889791352,user_53,3570.35,2025-05-24 12:08:22,QR,Failed,iOS
8636ca29-6156-4c3e-9e9e-7cabf6a99bf0,user_37,4200.6,2025-02-09 00:16:32,QR,Success,Android
c7be90ec-c1e0-4b97-acca-c6d73759e9a5,user_184,989.86,2025-06-06 22:06:55,QR,Success,iOS
3747d011-b380-4937-a686-f4ab273555f5,user_20,1936.86,2025-03-01 21:09:38,QR,Failed,iOS
5d124d35-5bc2-4b66-8c7b-ea91923edad4,user_199,3026.98,2025-05-30 20:44:23,P2P,Success,Android
deab83f5-99cf-4128-a12c-4ffc602ceee4,user_115,3188.39,2025-03-05 07:41:12,QR,Failed,iOS
86179d26-9df8-43bd-9116-7cb4a9a491d1,user_34,221.57,2025-03-05 21:32:56,QR,Success,Android
fa0cc09c-8001-4f97-9ebf-3b1644fdb1fa,user_102,2814.93,2025-01-24 06:52:18,P2P,Failed,Android
cc412c28-d431-4192-85f9-2b89dd5b1d68,user_153,2690.12,2025-04-08 00:59:16,QR,Failed,Android
259d217f-c355-4b2e-a3b8-6f57b4a52ef8,user_127,1353.69,2025-06-13 06:27:14,P2P,Success,iOS
05444951-e39f-49d7-9eaf-9ae4d04a3b2d,user_180,3262.23,2025-04-23 23:53:25,P2P,Success,iOS
4ffa8843-c2ca-4412-b8bb-0073f3fc958f,user_154,1603.95,2025-04-26 01:32:17,P2P,Success,iOS
754cf3d7-8b3e-4c13-bba7-6df501c6eab0,user_104,3874.86,2025-06-24 11:49:44,QR,Success,Android
4b1ba247-fb55-4a91-9f7c-36ce59b151fa,user_159,3783.4,2025-03-12 21:25:50,QR,Failed,iOS
513b23f7-e79e-4611-8ec1-8e498362b67b,user_25,2682.71,2025-02-27 21:29:03,QR,Success,Android
6362cd48-ffe2-4441-8ac0-fa84bbbf1f03,user_171,2377.57,2025-05-01 16:00:55,P2P,Success,iOS
f0fd9122-0be1-41f4-8fb0-92e541d04969,user_189,2606.8,2025-03-19 09:39:04,P2P,Failed,iOS
2d8bdde3-ff71-4808-a54d-c50a4935a361,user_4,4622.24,2025-06-29 06:36:36,QR,Failed,Android
22d74073-1fbb-4e97-8a6e-c2129b3c4a56,user_55,1160.01,2025-03-09 12:05:18,P2P,Success,Android
17372e72-658d-47b3-8226-b26e47e8e0b9,user_136,4848.35,2025-05-25 23:10:10,P2P,Failed,Android
f332531c-22f2-4bc7-a6c4-2440e4c5d03b,user_92,2747.49,2025-01-24 13:32:19,QR,Success,iOS
b23554df-64a3-48a8-8ef4-4fe5ed06adac,user_60,1573.79,2025-03-22 17:17:17,QR,Failed,Android
68e39588-a0ef-42b2-bb92-43ae880fe2e7,user_112,2860.77,2025-04-30 21:54:27,QR,Failed,iOS
858f012d-f9bd-4bb9-88d6-c34e0861e0a1,user_86,2797.67,2025-06-29 04:51:37,QR,Failed,Android
36ced959-78b0-4413-9f8b-3ee0527aaad0,user_69,2918.62,2025-01-07 07:53:49,QR,Success,Android
9115d6a2-2ffd-42cb-8b04-e8bb94c96074,user_24,3407.33,2025-01-06 19:13:13,P2P,Failed,Android
779bd418-e686-431d-b3f3-58a5cc133069,user_198,1696.13,2025-01-24 03:26:51,QR,Success,iOS
4673215e-fa73-4475-ba61-4357a86bb531,user_52,284.74,2025-03-30 14:54:42,P2P,Failed,Android
a730f5ac-336b-4ddd-9369-e7a9b51653a4,user_95,463.11,2025-05-18 03:30:23,QR,Failed,iOS
4fa78ba2-14fe-46bb-a88a-2c9965a3676d,user_103,2336.26,2025-02-22 14:29:05,P2P,Failed,Android
be51353e-a14e-4326-baa6-7053d11b00fc,user_188,4484.95,2025-01-31 23:05:58,QR,Success,iOS
972973a9-908e-47f2-83b0-c9e8720bf21c,user_155,4340.0,2025-06-28 17:56:43,QR,Failed,Android
45e2e57a-2e9b-402f-a73d-51862e8e580e,user_159,4576.62,2025-01-10 23:07:09,QR,Failed,Android
8b903e45-c524-41e6-8f32-fa10badb00f4,user_8,2977.7,2025-02-06 20:21:48,P2P,Success,Android
466855a8-6708-4df0-a56a-31232bb222bc,user_71,367.06,2025-05-04 08:52:51,QR,Failed,iOS
cc2a74d6-2b58-4ad3-be39-5792e1a0957c,user_161,3190.3,2025-04-12 07:43:30,QR,Failed,iOS
1530b056-5ee3-40ee-b671-efd35f96722a,user_46,3229.05,2025-01-09 03:32:59,QR,Failed,Android
a1454d30-2ee8-4f58-bcce-f63f2581b1fe,user_158,2318.56,2025-06-23 14:25:59,P2P,Success,Android
75d91d25-a538-4382-90e7-ab7baf66de0e,user_95,2346.95,2025-01-06 17:04:50,QR,Failed,iOS
11aba21b-b9b8-4d56-afba-7b00c37405ea,user_71,542.2,2025-01-30 10:05:18,QR,Success,iOS
7405df93-3b6c-4b44-b143-e7bc1d5680e2,user_69,4719.03,2025-05-12 21:47:23,P2P,Failed,Android
0dc7a644-1080-4e40-ac12-6b8872f3be85,user_6,2835.9,2025-04-08 06:52:49,QR,Failed,iOS
b58039e4-f607-4be7-b340-171d5697382e,user_184,1094.02,2025-04-22 22:10:36,QR,Success,Android
6fb52b66-e0e6-4db6-bbfa-852bbab69614,user_129,2768.62,2025-06-25 19:23:26,QR,Failed,Android
d1441429-9b5c-433c-8ede-4d5eb67b3120,user_97,2130.75,2025-03-24 01:54:20,P2P,Success,Android
f28ae18e-8f41-4464-8c84-504af6aa3f52,user_113,936.65,2025-01-19 08:35:56,P2P,Failed,iOS
2b3eca1d-8586-4d60-a7b9-13df22cfbd2b,user_197,266.86,2025-03-21 20:55:34,P2P,Failed,Android
184d7356-1962-4df7-8686-a48f164b2b06,user_39,1739.35,2025-04-12 16:06:39,P2P,Failed,Android
2f79f984-ca90-4c61-8926-551b2f2ce1f1,user_8,4350.08,2025-02-14 12:11:08,QR,Failed,Android
028ffc26-02df-4927-b0a5-7b1ae83c0c24,user_147,4918.24,2025-05-28 06:33:22,P2P,Success,iOS
acb9ced3-4105-4346-88d3-5fd4a996e334,user_58,2686.68,2025-05-14 04:02:30,P2P,Failed,Android
074450b3-a0bc-4bd6-ae9d-95a1efee9c39,user_177,4099.23,2025-01-26 19:38:35,QR,Success,iOS
017b6cd2-30a4-40e7-a91a-53e6147222cf,user_128,1220.02,2025-05-27 08:05:40,P2P,Success,iOS
d5bc0437-37db-420a-abba-26dec23bf038,user_64,2167.84,2025-06-25 11:41:33,QR,Success,Android
e01f3fe3-186d-4138-a3ab-5ec9672f0131,user_137,2074.88,2025-04-25 15:37:41,P2P,Failed,iOS
1011f437-505d-4d11-8e76-4937d1b04c36,user_189,4034.35,2025-03-21 23:05:08,QR,Failed,Android
7fb183b6-5a50-4f42-858b-558f1292c160,user_133,4837.26,2025-01-03 09:58:14,QR,Success,iOS
7cd07f1f-e26d-4b1a-888e-ee959e52b294,user_130,4445.43,2025-04-23 14:00:52,P2P,Success,Android
2ca426c9-ea92-447f-87f3-c93d88f2b5f8,user_175,1635.77,2025-05-10 05:04:44,P2P,Failed,Android
f216fa56-d096-41bd-8fb6-07810861d3ab,user_183,2893.25,2025-05-06 14:33:46,QR,Failed,Android
fc0b63dc-8e05-44f9-9dfd-104477e624ac,user_93,4318.35,2025-02-10 15:58:23,P2P,Success,Android
85131ff1-1bfe-472a-9267-695879078608,user_6,2826.61,2025-02-23 04:08:59,QR,Success,iOS
6078fee0-6d31-4761-beee-a7a9834b9581,user_166,3169.09,2025-03-28 19:12:49,QR,Failed,iOS
214719ec-60fd-403d-8357-0af198225315,user_139,4196.75,2025-05-02 19:52:58,QR,Success,iOS
bbb0e2b0-26c8-4b07-a28a-d7f3c0aac5b5,user_32,3247.92,2025-03-24 11:34:31,QR,Failed,Android
44561484-7db5-4433-86cb-ef11b520f48a,user_103,2548.94,2025-06-02 04:24:58,P2P,Failed,Android
64028e56-0ae1-4505-84c7-5e2b565cdc90,user_89,1605.69,2025-02-01 04:50:46,P2P,Failed,iOS
42c1e107-ff03-495b-a9e7-323ea9f05c94,user_17,148.87,2025-02-18 05:25:25,P2P,Success,Android
4fb30652-d033-443c-989d-67b06a3d0a11,user_170,4743.81,2025-05-30 11:01:40,P2P,Failed,iOS
8b14df56-7ae6-4b55-9b9e-3911f614254c,user_64,1923.63,2025-05-11 13:53:13,QR,Failed,Android
6af2d86d-f8fd-4002-be5f-d96f5697621c,user_152,4299.83,2025-01-12 14:28:21,QR,Success,Android
6e23b718-1391-4419-8c63-cb87f9643a0f,user_19,3136.97,2025-03-09 19:45:10,QR,Failed,Android
fe9440ee-7cae-48ed-980b-ac54e150abf2,user_48,597.1,2025-05-31 02:51:04,QR,Failed,Android
b1f8eb40-6703-4412-a95f-f9b58262f8ef,user_33,3774.98,2025-06-28 12:50:18,P2P,Success,iOS
e87231ef-4078-4806-ae66-ab3c7e4acedc,user_184,256.04,2025-06-20 18:26:44,P2P,Success,iOS
6c9b288f-54b6-4455-8c9b-66081d9f01ff,user_60,1233.42,2025-04-29 13:30:31,QR,Failed,Android
a34c20ee-13b4-4ec7-adde-010200f967c2,user_183,599.63,2025-06-29 17:50:47,QR,Success,Android
e8d50997-f52b-42b6-85ce-a257e0d805b0,user_12,3238.2,2025-01-03 04:51:53,P2P,Success,Android
53d408b7-2db9-4005-98a4-975dfc0f38e8,user_82,2845.35,2025-03-17 16:35:39,QR,Failed,Android
417f58b1-f05a-46e0-bc59-1d82a65323cc,user_145,1119.72,2025-03-01 21:20:21,P2P,Success,Android
970986ae-c35f-42b9-851e-14193e699183,user_76,705.33,2025-02-16 17:03:29,P2P,Success,iOS
f045cff6-f2eb-4e82-991c-68a29c5d4761,user_155,3153.86,2025-02-05 06:56:15,P2P,Success,iOS
cd44d307-c02e-4d70-a8aa-36ec80585e29,user_68,222.07,2025-01-06 00:00:34,QR,Success,iOS
aaa649fe-906a-4a26-80bf-893aafe8f836,user_176,1938.28,2025-03-12 09:57:46,QR,Failed,iOS
8fe794b1-ea61-499a-9bf8-3da02de549b4,user_137,4311.43,2025-06-01 09:20:09,QR,Failed,Android
a193d5fb-6449-4f76-a7e0-83646ad1a1c2,user_68,102.28,2025-03-05 16:00:58,P2P,Success,Android
07608713-42f9-4178-92f1-98da03d56dd8,user_150,792.41,2025-04-16 13:06:37,QR,Failed,Android
77f706fa-32f4-4ed2-88f6-f27844520809,user_24,2430.84,2025-05-14 03:07:09,QR,Failed,Android
8804bfc2-d945-4dec-8bcc-267513e12f66,user_75,1818.85,2025-05-14 17:56:19,P2P,Success,iOS
ae80f413-3454-4089-b390-555b8a97db1b,user_149,2185.87,2025-01-01 02:32:37,P2P,Failed,iOS
f9ce4230-e92f-423d-bf18-76357b9dac08,user_83,401.15,2025-04-12 04:23:24,P2P,Failed,iOS
2a2a2a57-add4-4d48-947e-489e32555949,user_50,3408.49,2025-02-20 16:13:25,P2P,Failed,Android
12865db7-1a3a-48b0-987f-ddc8f8854681,user_68,4170.96,2025-02-06 17:10:41,P2P,Success,iOS
d4e1f98a-4bde-49d9-902c-24b315319845,user_23,3597.95,2025-05-26 13:48:40,QR,Failed,iOS
a0478d0a-8c7b-48d5-a5d3-996c2fba2903,user_99,2382.87,2025-04-11 19:09:42,P2P,Success,iOS
6ece2c02-8592-4a09-8f1e-b705bd04b7af,user_11,1049.17,2025-04-01 14:01:19,QR,Success,Android
d6a42f0b-8a7c-4caf-95ef-48f5dafc532e,user_100,1027.42,2025-01-28 10:58:06,P2P,Failed,Android
4c94bee7-4b68-453a-b279-5e50db5e3f6f,user_151,3460.88,2025-03-01 07:23:48,QR,Failed,Android
a0ce0620-bb58-4295-a640-8c47cf7f5cf1,user_14,1114.74,2025-06-17 03:30:22,QR,Failed,Android
7b103d33-1692-4020-a6ac-be33619cf43a,user_112,2061.24,2025-03-30 12:33:11,P2P,Success,Android
1f97c3d8-8d8c-4079-8aa4-d06a5f36d542,user_25,4167.03,2025-01-11 00:22:57,QR,Failed,Android
a25950ee-0299-4491-a43a-c4996f3249e9,user_9,4927.54,2025-04-21 01:46:24,QR,Success,Android
8e63d4b9-7f76-4243-b168-17904c6607c3,user_106,999.63,2025-02-10 06:56:00,P2P,Success,iOS
72380b7e-4984-4335-98d4-6c001c76da1d,user_153,2971.45,2025-03-11 14:45:07,P2P,Success,Android
ba65fe0e-e077-4325-9e5e-4c1674f244b6,user_157,4850.15,2025-03-05 03:30:56,QR,Success,iOS
03960d10-1e35-4313-9b79-3bb8ea34f725,user_92,3325.86,2025-05-24 01:34:57,P2P,Failed,iOS
07f2201b-18dd-46f5-b1a8-3befa3913e14,user_188,4574.02,2025-04-06 03:49:54,P2P,Success,Android
66e9670e-62ac-4c5e-8b41-aff5711cf600,user_197,3977.67,2025-04-14 15:54:12,P2P,Failed,Android
2d7a2a62-3cee-48c1-91e6-1c745df87436,user_10,375.52,2025-04-22 04:31:06,QR,Success,iOS
f0cce2ad-6b92-4782-a495-5cf500f0b9cf,user_197,4313.71,2025-02-07 09:57:57,QR,Failed,iOS
c379cf38-312c-4775-a3df-f952dd932f8a,user_163,3178.25,2025-06-27 07:55:02,QR,Success,iOS
b2ac1a03-c2fa-4339-9f70-1c0fbb95385a,user_195,977.23,2025-06-27 15:48:05,QR,Success,iOS
1e9aacc0-d4b4-41ef-991e-d70be19f8c68,user_105,2487.39,2025-01-26 19:03:45,QR,Failed,Android
1b3f08ba-863a-477b-b65e-7b36ad37689c,user_174,3282.47,2025-01-31 04:30:22,QR,Failed,Android
a9d8d1f3-b4bc-4612-9e15-94c8661d1efc,user_181,3856.59,2025-02-14 11:03:36,QR,Success,iOS
35eb4ee0-a256-4aec-a03e-62f6facf994d,user_197,215.26,2025-05-03 12:58:50,P2P,Success,Android
4e095a8e-eb7d-4b39-9b3e-29de7c647e32,user_124,3489.33,2025-05-13 09:32:54,QR,Success,Android
9af26306-2da8-4b90-bd0b-6bc8957bc04c,user_89,1328.91,2025-06-10 09:39:22,QR,Success,iOS
dbebca80-351d-40c6-8c9d-668f796a9669,user_46,3196.69,2025-03-28 04:29:02,P2P,Failed,Android
ef7da15f-c018-4163-a8d4-bed701623637,user_73,2407.72,2025-05-06 14:06:35,P2P,Failed,iOS
56b5b365-e555-4d6e-8f23-00a31abd5746,user_145,3274.64,2025-06-26 05:11:49,P2P,Failed,Android
87449a6a-21e1-4779-8e7b-4b3b778c7d29,user_170,1905.18,2025-02-04 20:08:21,P2P,Failed,iOS
73eee11b-6a2d-4ff0-a912-d82cd70c356d,user_148,2201.01,2025-02-07 21:27:43,QR,Success,iOS
fe43d986-abf2-4fb0-8bc6-aa0905b61972,user_177,1049.47,2025-06-22 22:26:07,P2P,Success,iOS
457fda4e-0d23-48a5-b8b2-c86e317c3dbd,user_26,719.0,2025-02-12 00:56:53,QR,Failed,iOS
cf15e5ee-8cf5-42f2-b27e-78330e4f8188,user_119,4979.17,2025-03-27 11:54:06,P2P,Failed,Android
ca1abb42-c475-43e1-9b5c-6ca51ffbed78,user_41,1668.84,2025-06-26 02:13:48,QR,Failed,iOS
4fd2a076-7e61-4191-a822-bdb6031f9d4f,user_38,1910.56,2025-02-28 04:16:23,P2P,Success,Android
14934eb9-a0dd-41c3-bdc4-b412a48b1d67,user_10,2591.72,2025-05-18 12:16:16,P2P,Failed,Android
d8a406ae-f0eb-4267-887a-5c63d6e3bc0d,user_116,726.15,2025-03-05 11:32:16,QR,Success,iOS
090db3b3-a1dd-4b48-927f-a61cbdd409ea,user_139,4532.63,2025-04-05 22:06:52,P2P,Success,Android
bcbd2c30-8ab4-49c1-90a8-0048a71f8583,user_93,505.7,2025-01-21 03:27:48,QR,Failed,iOS
8512ab95-9b35-4097-98f1-87f5407a4e13,user_105,1445.11,2025-05-22 10:13:46,P2P,Failed,Android
22bcb88a-34e6-43e5-b154-118bff196f0b,user_188,3138.47,2025-06-28 17:52:05,QR,Success,Android
3aefa80c-8ae9-4c40-87e0-1dc7d80632fd,user_186,1083.22,2025-02-26 11:10:43,P2P,Success,Android
afe53042-2821-472b-91cd-c2c6ad2330f5,user_111,1359.03,2025-06-21 07:33:56,P2P,Success,Android
88e02b22-2c37-4b5a-88d4-95413f5ad2d7,user_192,3818.85,2025-04-16 02:38:09,P2P,Success,Android
f5f2e2e6-bbd1-4c89-9fc2-97c57bf08ae5,user_16,513.63,2025-06-22 21:43:09,QR,Failed,iOS
e460e2c0-98a5-4534-8292-6831d6e4ee96,user_105,3986.27,2025-06-22 18:01:37,P2P,Success,Android
3915a706-6b90-4d86-be94-d577b14634ae,user_45,2539.56,2025-06-12 15:12:37,QR,Success,Android
66cf3439-0b15-4328-a63a-6eb04903061a,user_23,1300.15,2025-06-21 18:50:47,QR,Failed,Android
90e6d893-98c1-4aaa-8e30-aac0ba2730e9,user_84,1905.14,2025-02-19 21:07:14,P2P,Success,iOS
30dda384-ce69-45f5-b60a-994665dacf7e,user_188,4402.64,2025-01-29 03:31:30,P2P,Success,Android
71ccce81-9eb4-45aa-8804-f93682eae71c,user_169,4362.67,2025-05-09 03:08:45,P2P,Failed,iOS
9247cbd6-58bf-46e5-8803-d1ee0002c0e5,user_54,3520.56,2025-04-05 06:50:18,P2P,Success,Android
add67f2c-15c4-4d9c-ac01-68702de953f3,user_196,119.23,2025-01-25 18:07:03,QR,Failed,iOS
4cfcfd02-69f0-49eb-b51f-d1b0e6d14c5d,user_42,175.26,2025-06-24 06:55:28,P2P,Failed,Android
c088573c-024b-4b9e-8546-158d536877d3,user_134,534.58,2025-03-02 08:19:23,P2P,Failed,Android
bd30a02e-ea88-44ab-b87b-ca5dc2cf128e,user_171,398.55,2025-04-09 11:03:05,QR,Success,iOS
c9cc57d6-7b74-4130-9424-20a8e113e725,user_94,2857.86,2025-02-04 05:55:46,QR,Success,iOS
f7a65793-302d-4956-8ab2-ba986ddf1eec,user_189,4546.45,2025-05-15 20:12:12,P2P,Success,iOS
d8e961f5-2add-46dd-8516-867d84d03cab,user_20,4346.5,2025-02-24 01:52:56,P2P,Success,Android
f304adaa-acc6-4478-9632-81ae098ddec2,user_93,3593.86,2025-05-03 06:55:03,QR,Success,iOS
de52372f-02d9-45ef-b048-5fafcad63a33,user_49,1043.43,2025-01-17 00:43:22,P2P,Success,Android
805e1335-2e7f-4bac-9e9d-4929b78b83eb,user_85,3036.62,2025-06-29 19:04:24,QR,Success,iOS
b8d0a1d8-5865-4191-a47c-c3f2c7c99ae5,user_3,399.62,2025-04-28 11:54:34,QR,Success,iOS
afe1531b-8bfe-40d8-b208-a173adf98e70,user_186,4572.07,2025-06-12 13:52:35,P2P,Failed,iOS
c9efd1e2-9c63-467b-99e8-ef4cfc0396b8,user_190,4573.86,2025-05-14 05:03:30,QR,Success,iOS
9cab07fb-ca58-41ca-97e9-31a0e9195b2a,user_156,646.48,2025-04-17 03:13:30,QR,Failed,Android
89fa4c96-8872-4f31-a89c-910edcc149b6,user_176,3823.72,2025-06-25 03:13:43,P2P,Success,Android
e2eb853e-996c-4bbd-a2a4-56c034321fe9,user_128,4004.74,2025-06-17 10:58:07,QR,Success,iOS
7a472cb5-8c13-4fb4-928a-cf8adbc39aa4,user_16,2911.51,2025-03-03 02:47:21,QR,Failed,iOS
f81d0b7b-0d3b-44b5-b64a-9e4f11ced930,user_29,1195.61,2025-06-23 18:53:38,QR,Failed,Android
9855dfe7-5824-4a7c-a9de-212a5d74824a,user_116,913.56,2025-01-18 23:48:27,P2P,Failed,Android
85b9b78a-0b3f-4011-b5f3-97eddf29191c,user_72,2032.45,2025-06-01 09:09:44,QR,Success,Android
205dc617-d8c5-4ba2-8faf-74337cdc79b1,user_190,740.81,2025-01-09 00:02:39,QR,Success,Android
53a296ea-3b9c-438a-a4f8-1858787c5b35,user_44,1003.58,2025-02-13 18:13:21,QR,Success,Android
5c38a6e8-e1d6-41c1-9309-2ed219ca23a2,user_167,4673.74,2025-05-11 19:59:46,P2P,Failed,iOS
7534ee5c-cb82-4f99-8a25-c41c328855c0,user_170,2786.71,2025-02-18 02:19:09,QR,Success,iOS
0f1f7769-2b1d-4c8e-89f9-005cfe07c370,user_132,2970.57,2025-03-29 15:10:58,P2P,Failed,iOS
b1f48aff-2ac3-485e-81d5-d93a2ac8b5e7,user_164,533.36,2025-02-12 03:40:38,P2P,Success,Android
717229bb-ba4f-4297-bddd-1104d11f7535,user_132,279.54,2025-04-26 23:02:32,QR,Success,iOS
32205fda-b79f-46fa-8fac-0ca2a078f003,user_7,1827.52,2025-06-30 23:34:17,QR,Failed,Android
d502be59-8eed-4bbf-b28c-2cbcc7d61676,user_4,1318.94,2025-03-21 15:19:02,QR,Success,Android
c560cb3a-1b28-46a4-a53c-2ab740170996,user_156,196.16,2025-05-28 16:45:15,P2P,Success,iOS
17972045-9cab-4826-b2c4-c110ae4ee02b,user_189,4724.91,2025-06-04 05:22:59,P2P,Success,iOS
6d58302f-7da5-4996-a95b-65a2014f6982,user_151,91.43,2025-02-05 08:40:57,QR,Success,iOS
def2cd76-cac6-4f34-aa07-075ccce8e95d,user_198,2569.44,2025-04-29 02:17:12,QR,Failed,iOS
4106dec1-ce01-4180-a616-c53d91d6a01b,user_28,805.61,2025-03-21 16:28:00,P2P,Failed,Android
cc11c922-0273-4d86-876f-9991e8f4840c,user_184,3183.45,2025-01-30 02:58:22,QR,Success,iOS
68f6d2d7-c64d-49b1-bf1e-a51a585a9018,user_159,637.31,2025-02-19 17:47:34,P2P,Success,Android
b5af2781-43c0-4164-9ce3-c1d76708754a,user_14,4385.62,2025-01-06 01:54:42,P2P,Success,iOS
a9f4b28e-f7bb-4fdf-9024-c17dd4879c8c,user_74,2742.3,2025-03-11 16:57:27,QR,Success,iOS
eb3064ae-d89d-4f15-be48-94dd3b961c57,user_17,1026.74,2025-03-07 02:25:16,P2P,Failed,Android
8b1e51d4-bf71-4d51-8411-4d1bd98b110f,user_157,4170.53,2025-05-30 19:15:39,P2P,Success,Android
8225782f-7323-4c12-acb7-6788c19578cc,user_96,4057.86,2025-06-01 12:45:41,QR,Failed,Android
93c27aa6-d85d-4ca1-a2b6-824b058f326f,user_1,3363.18,2025-01-07 12:28:38,P2P,Success,iOS
f6423fb2-55ab-4fc2-9dda-3ef377feeebe,user_195,2346.49,2025-04-09 15:15:45,QR,Success,Android
8abeea3b-7ea3-4c4c-bf08-6635cbaeea0f,user_98,1122.14,2025-01-07 03:54:20,QR,Failed,iOS
6640f93f-812c-42f2-a6fe-0950c990cdce,user_110,209.43,2025-04-05 05:07:30,P2P,Failed,Android
05906720-92fb-4bcf-b25a-6601caee6320,user_26,4979.02,2025-01-04 02:38:54,QR,Success,iOS
0457615d-db2b-4cf6-8d90-d0f85b5eb98b,user_152,291.04,2025-04-07 03:18:33,QR,Failed,Android
aca9c2cb-206b-485b-aa77-c2f676031abd,user_114,4199.7,2025-04-01 17:14:37,P2P,Failed,Android
9f45fa98-24d9-40b5-921e-d82f3434cbcb,user_136,3167.47,2025-05-06 22:20:15,QR,Failed,Android
533c3940-ef48-4daa-816f-4edb2631374a,user_13,1332.82,2025-03-17 02:28:47,QR,Success,Android
68f68283-3d7c-4cf1-9a48-984f63c8bd3f,user_151,2165.78,2025-05-25 02:52:50,P2P,Success,iOS
0a01045c-2889-4d09-bc95-eefa261758ee,user_12,3019.5,2025-02-19 10:06:40,QR,Success,Android
922ef303-5776-45eb-889a-0fb943931c1f,user_155,3381.5,2025-06-03 16:14:45,QR,Failed,Android
95a737f4-54be-456f-9e7b-f3e852b49ef6,user_147,4463.79,2025-01-09 10:34:10,P2P,Failed,iOS
2d71e507-0f7e-469c-ba63-6e8604f4a876,user_47,3753.86,2025-02-07 15:47:14,P2P,Success,Android
b024941f-4c02-4cc1-83e0-95670f5495ef,user_64,4174.36,2025-06-28 13:14:25,QR,Failed,iOS
ffa78b65-5c1f-449f-8ad7-8d18a24b4a2f,user_148,1226.16,2025-02-24 07:49:50,QR,Failed,iOS
7ac6d662-ebc1-479a-8320-a76210e98d14,user_144,651.55,2025-02-16 18:02:03,P2P,Success,Android
457658eb-52d4-48c5-a817-d779716234f2,user_2,2175.76,2025-01-04 22:38:03,P2P,Failed,iOS
4083bff3-07ab-4ff7-bab0-079974c6302b,user_46,3555.86,2025-05-16 00:28:05,QR,Failed,iOS
3cdff2fb-8169-459d-8a2e-04902a7095b6,user_52,1057.04,2025-03-01 17:58:55,P2P,Failed,iOS
43f4723e-064c-4d09-93f3-43e250a69cc8,user_94,2065.71,2025-02-20 02:49:20,QR,Success,Android
331bbefb-55e1-48a6-80c6-bd1fbd2d1de6,user_175,4150.81,2025-01-15 07:49:08,QR,Success,Android
24513c6d-e373-4579-8c5b-9abd42d5b941,user_74,990.0,2025-03-23 07:38:27,P2P,Failed,iOS
5459aeaa-e076-424a-9b80-412fb59eeca1,user_15,303.86,2025-01-09 07:51:43,QR,Success,Android
d3a20f22-7528-4af5-81e6-4a3ad70c4fd1,user_184,4069.15,2025-04-22 10:14:12,QR,Failed,Android
28f5cce1-d2bf-436b-97d8-b11bf8dabf8c,user_118,3141.14,2025-03-11 16:25:36,QR,Failed,iOS
9b267313-be70-48e9-8e88-e0b642f5cbec,user_198,13.33,2025-04-27 16:19:19,P2P,Success,iOS
2c13c84c-dcd6-4087-bb70-515e0099e689,user_43,2262.38,2025-05-03 03:20:38,QR,Success,Android
dbf7b3ff-a63f-4eb1-9660-c1bf710a2b75,user_164,1433.63,2025-04-29 17:05:55,P2P,Failed,iOS
7c3081cf-986b-46ce-b51f-bc313031c09f,user_104,291.45,2025-05-26 14:11:48,QR,Failed,Android
3a73293c-e0ed-4c8d-9c49-90da8592d915,user_182,1203.01,2025-03-05 22:04:20,P2P,Success,iOS
d83b0cdd-66d3-408b-82e5-23cf944ee046,user_137,2201.95,2025-04-30 03:38:40,QR,Failed,iOS
6b70c44d-2b39-4c8f-a4bd-0fa968bb02a6,user_194,2665.46,2025-02-15 05:44:27,P2P,Success,iOS
be32d3f4-a850-4e3e-93d5-8bd342b4b6b3,user_194,2399.78,2025-01-15 12:06:58,QR,Failed,iOS
879332fa-31d2-4af8-8e7d-104a4fc4f9b2,user_47,539.84,2025-03-30 14:30:15,QR,Failed,iOS
e83f78a3-e070-4413-8626-3ff4045d30b4,user_126,3143.24,2025-06-19 03:52:42,P2P,Success,Android
acca540a-b87c-4617-9e60-474ea71eb051,user_61,383.11,2025-01-16 17:18:14,P2P,Failed,Android
0fa79f1c-1b2c-4b07-b23a-c059a761d832,user_33,2859.56,2025-06-17 12:40:36,P2P,Success,Android
511d4a0e-4df8-4118-847f-d730702f44ea,user_184,4693.08,2025-06-26 07:59:28,QR,Success,iOS
f2224e89-3996-40c0-b76e-ab5ec62e778c,user_180,866.27,2025-06-10 21:33:58,QR,Failed,Android
7833269a-152d-4823-a929-b861d66a8786,user_43,2413.09,2025-06-22 08:52:39,P2P,Failed,Android
68f0c4b9-8723-4156-8a6b-832d3bc562bd,user_136,1748.91,2025-01-13 10:16:22,P2P,Failed,Android
8af4d841-5716-4efb-a5bd-780a3264207a,user_179,4239.26,2025-05-05 04:27:46,P2P,Success,iOS
e79d958a-18b6-4d34-9485-610237675827,user_138,2471.41,2025-04-21 10:36:03,QR,Failed,iOS
631a515d-d480-40b6-a6c0-cd6a867e7c0a,user_164,4097.81,2025-06-14 21:23:52,QR,Success,iOS
c66c8b2e-62be-4885-8e44-a49599238b08,user_78,324.25,2025-06-23 10:26:17,QR,Failed,Android
4d15b7b3-bebd-49e9-ac73-897643fde42a,user_68,3518.02,2025-06-11 10:57:34,QR,Success,iOS
bb7f6bfa-5351-455f-a947-e398c2741031,user_166,4741.68,2025-01-01 13:21:28,P2P,Success,iOS
fbe2f1fa-f224-45ce-902f-d1bab574d28d,user_16,3745.37,2025-06-02 00:47:52,P2P,Failed,Android
02f48897-c4ff-49f5-9b23-72456a0d20a3,user_155,660.3,2025-03-12 23:19:39,P2P,Failed,Android
e4dad8e2-d5a7-4833-9b4d-646ae3c7e75b,user_19,931.44,2025-01-06 20:24:07,QR,Success,Android
c95cfa9c-a3a0-4281-bb66-b73295677cd1,user_26,2347.28,2025-03-26 05:08:27,P2P,Success,Android
ff0fca98-7941-4021-a98b-ae94b201eb8b,user_129,247.14,2025-05-28 07:52:44,P2P,Success,Android
ffb0183c-5d64-431c-972a-43f03b0846e7,user_15,2632.34,2025-01-05 05:17:20,P2P,Success,Android
cad1693d-1786-4d40-bb58-b32acddd8e5c,user_22,3198.33,2025-06-16 20:52:42,QR,Failed,iOS
602f93e4-deea-4a76-9a60-c0f271e35677,user_51,2179.17,2025-01-15 03:12:18,P2P,Failed,iOS
ed998357-eded-4014-a0a8-5dec8a0c8440,user_28,3288.71,2025-04-19 22:17:23,QR,Success,Android
7fb7d16c-304e-474b-bc87-e309c72c17fd,user_117,4768.21,2025-04-10 11:27:23,QR,Success,iOS
c193d06d-d1dc-4043-b2f5-67af916910e5,user_87,47.25,2025-03-21 21:55:37,QR,Success,Android
60e51ec0-2ada-4880-9785-766c864e6b38,user_11,4873.41,2025-03-18 08:45:59,QR,Success,Android
d804f29a-3bd7-49f9-8d72-2f64ca8e1d93,user_195,749.86,2025-06-19 12:36:55,QR,Failed,Android
62686a79-54c9-435f-ae83-b98f932788b8,user_10,1124.48,2025-05-14 12:11:57,QR,Failed,iOS
250fdf90-29f9-4c8f-9452-f52fe6ad18bd,user_25,1164.23,2025-06-26 05:07:35,QR,Failed,iOS
1b81adf0-409d-4fb5-8e84-b4311841bf0b,user_42,682.1,2025-05-29 20:37:15,P2P,Success,Android
2a9fb236-2d7f-47d7-a1fa-8ee55c46bc2c,user_60,183.56,2025-03-02 19:44:38,QR,Success,iOS
29a896d3-ab23-49de-90c8-0921411cc3e1,user_84,3123.59,2025-06-06 15:52:49,QR,Success,Android
ed4bde7e-061d-475a-989d-cb7d9a302932,user_18,4883.13,2025-05-29 01:37:49,QR,Success,iOS
a9d94103-6a31-4774-9476-f5dc92b53063,user_68,78.47,2025-05-13 14:32:41,P2P,Success,iOS
6ce3ac16-f142-4421-b008-a8a17c690995,user_93,3138.18,2025-02-14 00:51:25,P2P,Failed,iOS
c4364db4-0560-4471-8971-db4a67edc485,user_45,1322.54,2025-06-20 04:05:16,P2P,Failed,Android
d14366fa-1f43-45a4-8547-7850ee95dfbf,user_51,4002.49,2025-02-20 19:12:13,QR,Success,iOS
08884d00-e21c-4147-9064-9d7a3b61dbe3,user_199,4912.25,2025-03-15 06:06:10,QR,Success,Android
aac517b7-631b-4032-8090-d0a07d240a88,user_183,1533.13,2025-03-21 18:22:08,P2P,Failed,iOS
f1a00631-e9f8-4016-9006-165e1d87a248,user_50,3934.66,2025-04-30 16:55:10,P2P,Failed,iOS
9ac66366-1aaf-49a5-9a05-a12e2d038524,user_35,1144.1,2025-01-24 04:27:03,QR,Failed,Android
a0b6bf1e-05a2-4f82-be8a-27eb4217efe2,user_2,73.02,2025-05-12 22:31:54,P2P,Success,iOS
ec5ecdae-4e24-4196-8b6d-e756e4c2b780,user_12,3058.27,2025-04-12 16:19:48,QR,Failed,Android
acab4a82-1640-467e-9333-f43c7763790d,user_61,4834.1,2025-02-23 18:14:11,P2P,Success,iOS
893a5730-5d9b-4a2a-a1df-c622fd6cb02b,user_144,1662.49,2025-03-22 11:26:25,P2P,Failed,iOS
28e4343a-ad66-4598-a7ec-dfc547f1068c,user_106,4710.5,2025-02-10 11:29:32,P2P,Success,iOS
440df912-f70b-4a1a-bc30-404a11cee0fe,user_93,2375.22,2025-06-23 03:55:10,QR,Failed,iOS
81d114e0-1e97-4d1c-b5c2-d80c9bc44ea3,user_196,2556.59,2025-01-15 18:25:53,QR,Failed,Android
01bb1654-54c6-4827-9e41-50ea29f66ca5,user_183,3416.67,2025-04-28 02:13:05,QR,Success,Android
f390adb1-1d43-4587-b6b0-c5ab9c1198e6,user_11,4954.68,2025-01-11 05:25:22,QR,Success,iOS
9d934c40-8703-4199-8f96-381c25718990,user_22,4757.45,2025-05-14 20:04:24,P2P,Failed,iOS
794bc623-62e5-4755-bc3b-f7a2d1566e9e,user_186,2041.24,2025-04-08 04:58:25,QR,Failed,Android
4bda7578-9451-460f-b810-562042cfa97a,user_77,308.39,2025-05-16 23:44:59,P2P,Success,Android
e01d58e7-4489-4642-acd5-1fbc9583efce,user_73,3677.23,2025-06-16 02:26:45,P2P,Failed,Android
7914a947-09a2-49c6-8a94-644d8611ff74,user_120,774.62,2025-05-09 16:16:19,QR,Failed,iOS
297078bf-c1b0-402a-b16b-83715b113c8f,user_79,1731.85,2025-03-30 07:56:00,P2P,Success,Android
807ba7c9-1f7b-4905-8945-d7e6ea813679,user_126,3230.72,2025-01-17 00:49:52,QR,Failed,Android
603cce3b-0bd8-4a8e-9432-dd571473d523,user_3,1149.61,2025-01-01 03:50:05,P2P,Success,Android
b96a9d99-9dc2-44f7-8f74-87085d862db6,user_158,3587.83,2025-05-07 01:00:39,QR,Success,Android
f96642b3-49f5-4e1a-a4cf-1f15945ed7c8,user_119,479.64,2025-03-02 23:35:19,P2P,Success,iOS
3ec35e14-529b-4a9a-a4a8-3b1342af0375,user_3,2328.68,2025-03-17 09:20:57,P2P,Success,iOS
7c59f31d-2689-4a74-a1d5-0237d796e226,user_165,731.23,2025-03-22 19:32:01,P2P,Success,Android
02a9279d-b1a5-4a19-97c5-e5bef6e51c9a,user_66,3097.35,2025-06-20 04:09:09,P2P,Success,iOS
24c183d8-150a-4f36-a1fb-cc633cd92966,user_116,1594.16,2025-05-18 19:32:39,QR,Success,iOS
f8628ba3-0467-42ab-9ed5-ea47657d4261,user_111,3661.23,2025-03-02 20:55:16,QR,Failed,iOS
edf3e7b1-1782-42d6-a394-a3e3ef147e93,user_139,3936.02,2025-03-13 10:20:22,QR,Success,iOS
6cbe7e58-edeb-4e47-a8d9-da24f9958b64,user_84,2236.42,2025-05-15 14:22:53,QR,Failed,Android
4a1358ec-96f0-4ff5-98b9-c209e1259ad0,user_19,2986.04,2025-01-07 14:46:32,P2P,Success,iOS
4ba8f1fb-e920-4a8c-8ee1-2dc5cc7d7791,user_104,75.58,2025-02-07 05:48:49,QR,Failed,Android
d0597321-8a25-4d2a-ad65-8823218f3149,user_12,664.34,2025-02-27 00:46:50,QR,Failed,iOS
ce101209-b68b-4f29-b95f-952a0c956030,user_41,380.2,2025-03-12 01:48:50,QR,Success,iOS
4538d8d7-226f-42f0-a4d2-10de6eb6bf2f,user_180,1590.69,2025-03-20 04:38:20,P2P,Failed,iOS
dc3bf63a-fe39-4b05-845d-ad8b47a3c17a,user_178,4287.99,2025-06-17 06:04:06,QR,Failed,iOS
c7b2bdc4-a482-4817-a700-cb1460607761,user_176,3791.71,2025-02-17 23:14:47,P2P,Failed,iOS
b4f0be59-3421-47e0-ac42-190ac3d2a78e,user_129,2529.09,2025-06-27 14:34:31,P2P,Success,iOS
c5fdd877-d9ef-4934-b816-bf31b8c68043,user_159,1956.89,2025-01-09 01:40:11,QR,Success,iOS
88fdaae8-b8e3-47af-bf14-222e05fcd5db,user_148,1163.02,2025-03-01 08:02:20,QR,Success,Android
58db72cc-d2d6-4e42-b859-d783bb335cd2,user_34,3315.65,2025-02-15 03:30:22,QR,Success,Android
d8a9b392-c8bf-472a-9032-fe5fc572122c,user_128,3455.05,2025-05-27 22:27:15,P2P,Failed,iOS
352b56fc-4283-4abc-b5a9-26e51b0d3547,user_196,4621.01,2025-02-14 06:27:51,QR,Success,iOS
388cc2ba-d28c-4557-b065-6a96b2bf2c69,user_113,177.51,2025-05-22 06:18:36,QR,Success,Android
e90153d0-b419-4d1e-b4e7-9037512a07e1,user_178,1807.51,2025-05-08 15:37:24,QR,Failed,iOS
9770cb3c-3dc9-4599-917a-1f6648647bd8,user_152,4115.37,2025-01-21 09:13:54,QR,Success,iOS
3dcacd2e-a302-4b50-8878-378c9be07f79,user_6,1717.67,2025-04-16 10:21:26,QR,Success,Android
dde2a914-a29a-47bb-8678-633925ca3945,user_57,1506.64,2025-04-05 00:41:37,P2P,Failed,iOS
a7014222-6e38-41c0-92e6-a8ed2067f9ce,user_100,2268.78,2025-03-18 18:09:47,QR,Failed,iOS
42a45195-598c-4d45-8c78-0943f0e3d6ee,user_92,4661.96,2025-02-01 07:41:24,P2P,Success,iOS
d0f9fb78-6e53-48e3-98a4-db34bc940c49,user_90,4766.58,2025-06-22 17:18:42,QR,Failed,iOS
9ccdf992-f587-4b05-b7e3-6857ae7b340b,user_37,2835.67,2025-03-22 18:48:31,P2P,Success,iOS
6645fee4-1448-496b-95ca-f60a84e9bba8,user_193,2960.7,2025-02-17 10:41:07,P2P,Success,iOS
d328f195-62c1-45f2-8628-dd5b958011d2,user_14,1556.85,2025-03-28 06:28:46,P2P,Success,iOS
58714c28-883e-4694-bdea-3b413c6e3854,user_193,513.87,2025-06-18 22:19:36,QR,Failed,iOS
08a47ae0-4bf6-4a23-9879-9bfbb86e15ad,user_40,649.71,2025-03-19 13:46:55,QR,Success,Android
42fe4038-5e6a-4758-8acf-3da60d47c55b,user_120,4655.0,2025-04-10 18:07:50,QR,Failed,Android
79ab1150-44f1-44dc-a1e7-177ccb7a6dcb,user_54,3824.73,2025-02-28 23:01:14,P2P,Failed,iOS
9c1593db-3d55-4942-b031-811971af5a14,user_77,179.73,2025-06-05 18:00:52,P2P,Success,iOS
7337d474-9c8e-4cef-b4a5-b0af267bd22f,user_154,3313.43,2025-02-11 16:22:23,P2P,Failed,iOS
bec2139b-1c84-41ff-ae7d-21d1f4bd7208,user_186,1447.36,2025-06-28 18:21:39,QR,Failed,Android
1cd593be-fa83-4b53-a1dd-5b5a27ce890a,user_67,2399.85,2025-06-25 10:39:20,QR,Failed,iOS
52ed363a-67a8-40ee-9729-4dde8fd92263,user_125,739.12,2025-05-19 21:39:50,QR,Success,iOS
87a1b2a6-25f7-4ff3-8675-92651633ce5b,user_78,3939.62,2025-06-23 22:40:12,QR,Failed,Android
112bfa83-ea30-4661-9250-a4481fb99c0b,user_172,959.61,2025-01-21 04:08:19,P2P,Success,Android
359e1762-9164-4f53-8be7-4f5a6baa0170,user_82,325.87,2025-03-11 06:53:10,P2P,Failed,iOS
1ab1d0a1-db48-4925-a0a2-fc78cd03e841,user_116,2725.39,2025-01-10 17:17:35,P2P,Failed,iOS
dcd38ab8-aaec-424c-9973-e397d19a490c,user_34,1043.68,2025-03-13 06:55:54,P2P,Failed,iOS
dabe2394-d87c-4599-af35-20ac2170594b,user_44,4070.55,2025-01-10 14:07:30,QR,Success,iOS
82a98ef9-acc7-4fcd-9cb4-3b26d55702de,user_15,1644.16,2025-01-16 08:53:51,P2P,Success,Android
aad5a00a-9d31-4e5f-9c8e-0b67d5198b79,user_199,830.48,2025-03-05 23:52:27,QR,Success,iOS
56c99392-6bfa-43e6-bf4a-750bad9c592b,user_186,854.83,2025-05-01 07:35:54,QR,Success,Android
38d8d9b5-c217-4dca-9f12-a620c103acc9,user_39,188.11,2025-01-04 11:17:46,QR,Success,iOS
6042b6fc-ec2d-4e34-b40f-e4a15a8bf738,user_51,1081.78,2025-02-15 13:54:42,P2P,Failed,Android
dabd5ab7-07ca-407a-b24e-40d2eac17a38,user_39,2118.88,2025-05-18 21:19:44,QR,Success,iOS
a04bf264-186c-4de9-b70d-358d25009f7d,user_31,4405.01,2025-03-09 14:36:39,P2P,Failed,iOS
e13ca175-348a-4d20-acb1-0f2ac72e13b2,user_54,350.45,2025-02-23 01:28:15,P2P,Failed,iOS
5ddc1638-7985-4728-9ec4-20e8bd2b4873,user_19,283.65,2025-03-04 22:48:35,QR,Success,iOS
acc1cbda-9525-4c4b-a64a-1e2a7a520c2a,user_79,684.03,2025-03-21 09:49:34,P2P,Success,iOS
64c5371f-e153-4e53-94e6-aebacf35f18c,user_85,1858.84,2025-03-19 09:42:42,QR,Success,iOS
ae1d8559-fd50-4df3-9ac5-412b999ae052,user_152,2134.56,2025-06-06 09:07:24,P2P,Failed,Android
b6440481-7c0b-47e3-8d52-3c05de9b349e,user_153,24.27,2025-04-01 07:39:42,QR,Failed,iOS
4c8f3f65-e733-48ae-bf1b-8ae6d607a6bb,user_130,3761.09,2025-06-06 05:33:09,QR,Success,Android
fd24b3e3-f310-4c0e-8ddc-e62c33cf5a7b,user_42,1769.04,2025-04-14 16:40:11,QR,Success,iOS
5d3c0665-b411-49b8-bb15-63b024630c49,user_4,2738.97,2025-01-15 09:27:09,QR,Success,Android
61c5a770-821f-4bec-ab0f-9f0f84782c83,user_190,2255.43,2025-06-18 01:55:29,QR,Failed,iOS
18760e6e-ee61-4fdf-842a-b5e56a029680,user_48,413.03,2025-01-23 09:18:57,P2P,Success,Android
4aa637af-c9e6-4788-814f-40493de1c23e,user_90,4092.27,2025-04-11 09:42:27,P2P,Failed,Android
e146a294-2c04-4a4a-b5e5-710e39260922,user_122,1218.93,2025-04-26 15:15:02,QR,Failed,Android
d469f20c-958f-4e88-99de-e6328dcaf8b0,user_188,446.52,2025-05-25 00:08:33,QR,Failed,Android
16068a82-610e-459b-b664-c98908dcd6c7,user_93,4285.89,2025-05-26 09:12:04,P2P,Success,iOS
f3382fe0-a1fb-49db-8bae-b2f1d6f8c2ca,user_193,3013.66,2025-02-02 07:10:16,P2P,Failed,Android
da6dc561-0f7b-4c30-972f-edd4913b1a58,user_100,4939.29,2025-03-25 17:53:55,QR,Success,iOS
c2cdbebd-4d6f-46a6-9b93-61caa6a70d5c,user_174,3013.08,2025-05-27 00:16:06,P2P,Success,iOS
7d46a34a-6acb-4111-9bb2-d79404e22eae,user_172,4481.6,2025-03-09 10:51:07,P2P,Success,iOS
163d24bc-174e-4aa0-8173-0b2a77f8908f,user_133,1613.94,2025-05-01 14:58:44,P2P,Failed,Android
347eda03-6960-4f52-b8ef-f48e4e061e4f,user_10,1149.43,2025-03-13 13:11:27,P2P,Success,Android
c4c92341-4e8d-4646-9ec8-6d4221bbc029,user_41,4976.17,2025-01-04 06:46:15,QR,Failed,iOS
3edfa985-43c5-43c9-8778-36b679a08a1e,user_165,2167.43,2025-02-04 16:21:45,P2P,Failed,iOS
e1938e3d-43fa-46cc-bdfb-2105d3dd1ac1,user_50,443.87,2025-02-28 09:19:06,QR,Success,iOS
57e25c69-293f-4aa2-ad38-873567e02a88,user_30,706.42,2025-03-04 01:31:38,QR,Success,iOS
cb0a2cff-76c8-4382-858a-647d9ef33ad6,user_120,911.28,2025-03-30 01:45:45,QR,Success,iOS
87cc9d77-1545-4e15-8b8c-fc7615d963b5,user_123,4916.01,2025-03-23 11:19:39,QR,Failed,iOS
1d357824-b9f4-40f1-a544-93833bdbb8e5,user_181,3931.2,2025-06-25 12:25:20,P2P,Failed,iOS
bae58fda-1b05-40f1-8a89-bfbac52957b4,user_54,31.87,2025-05-19 03:33:55,QR,Success,Android
d7ba5002-2b22-452e-b91a-62a4cf0e9bfa,user_11,2487.99,2025-06-14 08:02:25,QR,Success,iOS
14a3cf3d-2512-45b0-ad50-e5bbbbde7746,user_64,3038.05,2025-06-23 21:42:05,QR,Failed,Android
c806fd02-7eab-4a3b-a3ac-1d498b68015a,user_64,1931.41,2025-03-31 16:44:00,QR,Failed,iOS
dcb19820-a572-4281-88de-a8afc470b6ee,user_176,3007.1,2025-05-04 18:30:35,P2P,Failed,iOS
b8ace44f-ee2c-4b25-aedb-8c69f77e1da8,user_161,4708.13,2025-02-01 19:11:53,P2P,Failed,iOS
b45c3845-23ef-4612-aa47-b387b9b5e2c4,user_10,2960.71,2025-01-10 20:43:18,P2P,Success,Android
e8fc61fa-d17a-414a-ae5b-cf404e34d44c,user_57,3721.17,2025-05-28 11:41:24,P2P,Success,Android
72fdcb22-6556-47e3-a882-a6202bcd4e89,user_147,1742.15,2025-05-14 09:44:15,P2P,Success,iOS
f4eb82bb-5e79-4d8a-8602-b82b0d719f8b,user_82,852.31,2025-04-29 10:09:12,P2P,Failed,Android
dd79dcb5-3a13-4159-bf69-8fc7e5380731,user_153,1031.05,2025-04-23 12:50:05,QR,Success,iOS
f1720f15-a49e-464d-9676-c08b50a71e6c,user_180,1573.79,2025-06-22 06:34:56,QR,Failed,Android
bdcb8547-2f20-4981-b653-62f316bf03df,user_33,84.9,2025-03-09 13:06:36,P2P,Failed,iOS
c483c9af-26e5-4afb-b8db-8287ed440d85,user_79,4036.58,2025-06-07 03:55:43,P2P,Success,iOS
3d533def-f6ea-467f-9282-ecbf2af67f01,user_33,1992.33,2025-05-20 11:20:03,QR,Success,Android
e059cce5-3d57-45ab-9fe9-84bbcf3a9cc9,user_11,4376.66,2025-05-30 14:15:52,P2P,Failed,iOS
2141f04e-a9be-47d5-b09d-c62dfc1e3393,user_129,3405.49,2025-01-15 12:42:08,P2P,Success,Android
5861fbde-603e-41e4-95f2-77a6c59ed670,user_73,2501.99,2025-03-13 21:16:58,QR,Failed,iOS
4d3e5b06-30cc-4c01-a93b-802ebc31d8ef,user_160,2909.34,2025-01-13 09:45:25,QR,Success,iOS
f024a9ec-dff2-4264-adf7-03e292a7be62,user_199,1246.58,2025-02-25 01:16:41,P2P,Failed,iOS
2899bde4-63e3-409f-a307-8902df5d18b7,user_75,3125.75,2025-02-19 13:50:23,QR,Failed,Android
29fe9dd5-11f9-439a-ad3c-30e20f4e41a1,user_104,662.1,2025-06-20 07:24:34,QR,Failed,iOS
be137f8f-5a6b-4ab7-9dd4-4d4f27b881f5,user_163,1911.94,2025-02-05 10:41:04,QR,Success,Android
78971d5f-ff53-4e2f-96c6-9c6765c327e5,user_54,2139.46,2025-02-21 14:51:30,P2P,Success,iOS
bfbec275-2f61-41fe-883a-91d73b396a0a,user_65,3918.66,2025-03-03 10:18:02,P2P,Failed,Android
8346587c-fa01-4b2e-bc68-ca54c5fb0b5f,user_120,1384.13,2025-01-30 15:47:44,P2P,Failed,iOS
6736f5f0-cfbe-459b-81f6-3e4e5ba86956,user_2,2895.83,2025-06-04 15:38:24,P2P,Success,iOS
48727944-0d03-4436-a4be-b0a6758896cb,user_121,3171.43,2025-01-09 21:49:33,QR,Success,iOS
5ef8183a-6bcc-44b0-8270-59b3f99c592a,user_100,3931.78,2025-04-29 02:47:27,QR,Success,Android
a46380e3-1505-403e-b014-40ec1f21b87d,user_140,3495.12,2025-05-18 12:40:40,P2P,Failed,Android
01f2afc0-5289-47cb-aef5-d7aad6dbf519,user_10,1666.8,2025-02-14 02:40:31,QR,Success,iOS
7d6a18d6-2f30-448e-baa9-d0c81357f278,user_124,4761.47,2025-05-13 12:58:36,P2P,Success,Android
29960632-ed91-460c-8921-fc6f38700dcb,user_122,1044.11,2025-06-11 12:01:25,P2P,Success,Android
5baf1fd3-7a83-488e-8b81-25f236762948,user_56,83.89,2025-05-10 11:09:43,P2P,Failed,iOS
e4c81f93-f509-4f5f-b9ab-6628a9208f65,user_196,3863.68,2025-01-27 22:06:00,P2P,Failed,Android
563ceb64-961f-45a8-b4d7-1f0f2ada460f,user_51,2511.33,2025-05-09 17:09:18,QR,Success,Android
b58b851a-b30f-4a47-9f2b-40b83a8a25ad,user_76,3780.67,2025-01-11 17:15:00,P2P,Failed,Android
7b31e337-b79f-41b8-bb6c-a183d23fdfd4,user_21,3927.29,2025-05-22 19:24:54,QR,Failed,iOS
be4deaf5-4881-443a-b5b6-34e857cc4036,user_120,146.4,2025-05-30 01:30:09,P2P,Success,iOS
5c89469e-eacd-45b8-a173-1175396c57ce,user_117,3550.18,2025-01-25 09:01:08,P2P,Failed,iOS
f7684794-925c-46ee-b70a-c4305ab6d299,user_9,864.32,2025-03-13 00:41:37,P2P,Failed,iOS
928a661c-2a86-4435-b977-0ac02bc3a113,user_24,4476.47,2025-06-17 18:41:57,P2P,Success,iOS
2c12ab3d-bb6c-4222-aa2c-973f17de3925,user_48,709.04,2025-01-12 23:36:50,P2P,Success,iOS
44744587-6346-4fad-acf8-de890829c863,user_144,1303.94,2025-05-09 04:25:23,QR,Failed,iOS
d31f58f1-ce07-4323-a840-1790ee183cd0,user_65,3578.43,2025-05-19 23:50:13,P2P,Success,Android
c2d7a2a8-04f9-4fcb-9ef8-45324a0bbcfe,user_191,772.58,2025-06-08 03:34:17,QR,Failed,iOS
c3eac992-50e6-4094-9299-a13bc1bf791d,user_16,2889.29,2025-05-14 06:16:36,P2P,Failed,iOS
6d5eb13e-463f-40d0-994a-8e3dfc4b211a,user_71,1042.74,2025-04-11 00:53:37,QR,Success,Android
da20130e-1498-41fd-bf7b-c3d0ed696685,user_90,449.9,2025-03-06 18:02:59,QR,Success,Android
cb8a1c73-773b-4bc4-b166-2d320d85f241,user_158,1837.24,2025-01-13 03:18:29,P2P,Failed,iOS
989cb1bd-4a86-4e1d-85d7-4330a1c090a5,user_45,1313.2,2025-02-22 17:13:43,P2P,Failed,Android
78f6c508-b93b-4fcb-8723-0692094c3828,user_58,2157.5,2025-02-05 03:14:06,P2P,Failed,Android
0887b534-bf02-4fec-8785-e868454ec87b,user_6,766.89,2025-06-09 14:10:09,QR,Failed,iOS
96dabe4e-0e36-4698-a35e-73d3464e6160,user_152,248.19,2025-03-13 13:12:34,QR,Failed,iOS
e078f491-468d-4390-8bb7-c8c49fcc6b69,user_117,696.47,2025-01-29 14:53:09,QR,Success,iOS
7b9bffaf-4b52-45ee-8627-0bb4bf93b008,user_14,3066.73,2025-06-12 21:51:26,P2P,Success,Android
d4e911f7-1e58-48d8-9429-654ffe13d0de,user_58,3210.57,2025-02-06 09:31:05,P2P,Failed,Android
971af3cf-0429-4404-933c-3f2a7d26fd9a,user_192,4553.75,2025-01-07 12:00:31,QR,Failed,iOS
82e3fa23-5de2-4a64-bc73-c9fd219b4ffa,user_199,3812.19,2025-06-23 07:47:24,P2P,Success,iOS
268deb1e-0882-47cf-84ba-77fc7d6254f0,user_30,3875.62,2025-05-04 19:01:03,QR,Success,iOS
8ae59f29-4dde-4f02-a8fc-7ec99f67e9d1,user_78,3711.97,2025-05-07 00:52:55,P2P,Success,Android
3e9b88cd-0925-47da-8988-e368343a8b59,user_19,3372.15,2025-03-20 05:17:23,P2P,Success,Android
4e170554-ce62-49c8-84ac-72cf55a15d2f,user_114,2340.74,2025-06-12 05:36:25,QR,Success,Android
baac0234-3090-4242-b06d-0e603e578edc,user_86,4378.86,2025-02-03 23:01:00,P2P,Success,Android
858a2aa1-47d5-45c9-bf60-23cf4b73d5d8,user_149,4538.82,2025-04-10 15:43:59,QR,Failed,iOS
9d28156c-09bd-4029-b58e-b5c92c4d055d,user_44,1812.11,2025-02-28 03:17:23,QR,Failed,iOS
f84b4630-4de2-42d6-a390-9d2e87fee579,user_132,1486.57,2025-02-21 05:48:23,QR,Failed,Android
501595f4-7250-4e2c-98fe-d83e3180b7c3,user_93,3151.15,2025-04-11 18:16:17,P2P,Success,iOS
db311f4c-2d24-4232-a368-789037c32ef9,user_159,3384.69,2025-05-25 17:54:03,P2P,Failed,iOS
03d2a489-0339-4f2b-92ba-7a13dd63ce73,user_174,3634.99,2025-05-17 22:51:19,QR,Success,iOS
4a60ca64-ca0f-4aa1-ae79-614571dcda3b,user_137,4785.78,2025-02-23 18:55:24,P2P,Failed,Android
4f0ddfc6-2bbd-44f7-88c9-db94d91d8f66,user_134,1116.99,2025-05-06 13:54:14,QR,Success,iOS
845d3957-1671-4959-b250-2179bfb10db0,user_104,362.53,2025-06-13 23:07:11,QR,Success,iOS
deadc059-9475-425e-84a0-fee6c5f58d52,user_198,1257.37,2025-01-18 05:56:49,P2P,Failed,iOS
dc7acc2f-8907-4a14-9799-958da0ca8ecd,user_182,4355.68,2025-03-16 20:56:02,P2P,Failed,iOS
464ff15a-d63c-4f2a-b742-ee2300b526df,user_29,1093.07,2025-04-26 21:01:58,P2P,Success,Android
a8ab0f20-1df7-4c03-9c07-5eb3cd62f66b,user_186,711.55,2025-01-30 22:52:38,P2P,Success,Android
a7da1088-21bf-4912-bd18-cb661122fdbe,user_165,3754.18,2025-06-13 15:51:38,P2P,Failed,iOS
5926bf47-4ff4-4662-8e85-f0c3b24d94af,user_169,3874.82,2025-05-03 12:26:21,QR,Success,iOS
f0a7978c-0285-4f4f-81aa-f9500267e333,user_186,2217.7,2025-01-03 07:02:59,QR,Failed,iOS
ea0eb1e5-00d5-421c-92f9-2328e1305414,user_168,1813.06,2025-03-10 16:15:57,QR,Success,iOS
0a8098c7-beff-4c17-a10e-3beb4af4aeb7,user_135,3110.41,2025-03-22 20:52:06,QR,Failed,iOS
9c51e4a6-3ce5-4705-be60-34da942222df,user_75,1889.19,2025-02-27 18:52:52,QR,Failed,Android
a015aff0-6a9c-4a81-af3a-4566a8670913,user_179,2966.85,2025-04-13 15:41:19,P2P,Failed,iOS
4f41f233-dae1-4136-98c9-401b0336a1df,user_120,4527.02,2025-04-01 02:29:48,P2P,Success,iOS
7bcbb15b-1f6d-4d2a-9364-f4ca77314d59,user_109,2511.58,2025-01-19 10:31:50,P2P,Success,Android
bfaf093b-3f38-424d-b02b-37548f49686b,user_116,4979.12,2025-02-06 15:02:41,QR,Success,iOS
764045d6-85da-47f4-9106-36916e4b08dd,user_172,3867.66,2025-01-28 07:17:44,P2P,Success,iOS
4cee5cff-9a6d-43f2-a1d3-a4dac1afd0aa,user_91,3469.26,2025-03-08 00:30:02,P2P,Failed,Android
ee5d37be-0699-46df-a9f9-d0a9a801f052,user_59,2497.79,2025-01-12 17:34:26,QR,Failed,iOS
ae6ac1f2-63f5-450b-ba14-ca12699042bb,user_180,3247.39,2025-06-05 12:52:13,QR,Failed,Android
660725cb-43c0-4824-94d6-bf6497fe030b,user_32,1996.35,2025-03-10 06:40:53,QR,Failed,iOS
17b9fc49-5101-4970-bc5c-b41577307bf0,user_116,4661.6,2025-06-08 05:08:58,QR,Success,Android
439b3d18-1377-4ac6-852a-d37b058dd41a,user_72,2433.78,2025-04-12 14:16:22,QR,Failed,iOS
e97c59c5-a9bd-449b-bfd5-c54d992ce497,user_185,376.3,2025-05-27 01:52:13,QR,Failed,iOS
44c40b17-1ef1-42fa-9b4f-7e18d84a9487,user_95,501.21,2025-06-29 08:05:32,P2P,Failed,iOS
11a70c7d-bde6-4e62-95b6-6d109ecb6c03,user_2,4759.21,2025-02-11 22:21:53,QR,Success,iOS
45e051bc-06a6-4c72-a9b4-6d4cffe87f51,user_13,402.22,2025-02-26 19:22:02,QR,Success,iOS
cfee4699-9461-49e1-b332-db2cf8521a2f,user_200,1001.53,2025-06-04 12:37:02,P2P,Success,Android
b96eb04f-8155-4400-86f4-fe0908debeb4,user_82,3838.6,2025-06-20 21:23:20,P2P,Failed,Android
c4386f2c-ef67-43ae-b532-002b70f7e3a6,user_54,2244.86,2025-04-19 20:43:20,P2P,Success,iOS
f58f58bb-4d4d-4a8d-ac98-6dd519cc1841,user_133,4185.61,2025-01-06 05:25:21,QR,Success,Android
6b2ecf4e-2b7c-4404-b55c-43220e9d7231,user_82,378.61,2025-04-15 00:35:46,QR,Success,iOS
f9bf6a3c-2bb5-4bb9-8407-0ebea2ac29d8,user_80,3643.81,2025-01-14 13:31:59,P2P,Success,iOS
5ecc82c1-4c88-4a07-b6aa-4d1faa5cd56b,user_3,3747.09,2025-04-18 11:19:58,QR,Success,iOS
40ff8084-2552-4af4-bf27-269408a70ff7,user_32,3402.02,2025-01-11 23:11:55,QR,Success,Android
1c132693-f416-466c-872f-c7d523751dab,user_68,4166.95,2025-05-13 22:20:05,P2P,Failed,Android
b8dc8d78-1b8f-4f5c-88da-e8d001598274,user_147,3961.19,2025-01-24 06:35:58,QR,Success,iOS
7146985e-b416-4039-9f3e-71072d5186f2,user_64,2676.38,2025-04-11 04:35:05,P2P,Failed,iOS
410c8b03-ad0c-49c9-9202-0d6cd66b6a83,user_161,2924.45,2025-05-15 00:53:30,QR,Failed,iOS
78613a01-8e11-4e90-8130-f4acc770b4ba,user_164,3373.96,2025-01-15 00:03:27,P2P,Failed,iOS
9d4f07ff-e852-414c-bf1a-a0ff81322489,user_58,2962.57,2025-04-22 04:43:55,P2P,Failed,Android
0432afda-44df-4906-9a9d-c97f9d017418,user_143,4458.44,2025-06-13 11:51:36,QR,Success,Android
f56538fe-5c97-4fa3-abf3-a4d577f86c41,user_27,3466.3,2025-02-01 17:51:00,P2P,Failed,iOS
aaff5698-64b0-4029-bafb-7ad4316633b6,user_49,1318.74,2025-06-23 07:34:12,QR,Success,iOS
eeece2cf-b42b-4dc1-8614-d6b17c2218df,user_69,3006.66,2025-06-18 10:45:00,P2P,Success,Android
0627bdcf-9d32-40b3-aeab-0e94f69edff5,user_4,3685.37,2025-02-07 08:12:57,P2P,Success,Android
39f622dd-3a28-411a-b8e1-28e0c46d7671,user_78,244.68,2025-05-21 14:43:16,P2P,Failed,iOS
3f1a5fd1-a0f4-4c80-886a-97c359f97331,user_117,4532.96,2025-03-09 08:56:47,P2P,Failed,iOS
43ce5007-3c49-4c3c-be28-0b0558fc2cb1,user_26,1421.76,2025-03-23 01:46:30,P2P,Success,iOS
bf37094b-549f-4f99-b0c4-332e5efe6da1,user_161,4802.03,2025-01-14 01:20:21,P2P,Failed,iOS
4d334554-d5a5-4c85-953c-68438aa9ae85,user_18,1843.7,2025-01-26 12:30:13,QR,Failed,iOS
ca385359-1794-4046-82b2-c71e7213d928,user_151,3323.85,2025-05-06 20:59:12,QR,Failed,iOS
53c547c2-3d52-4dbb-96d1-c6dfb984626f,user_180,756.57,2025-04-22 12:10:25,P2P,Failed,Android
fa111081-e642-44e8-8724-d1f5b07993de,user_162,1768.41,2025-05-31 16:54:57,QR,Success,iOS
f78352e9-5d1e-414a-995b-e08f64d1f27e,user_126,4398.67,2025-03-24 03:48:27,QR,Failed,Android
66a59ded-c97b-4edf-a011-6beee0ab9c03,user_50,4742.94,2025-03-29 20:48:58,QR,Success,Android
097d76aa-48d9-4816-9303-53059ef4b81c,user_18,60.63,2025-04-30 20:38:25,QR,Failed,Android
fefef9f4-0bce-46c5-872b-acf68d0b3ec3,user_17,968.4,2025-01-25 23:18:37,QR,Success,iOS
a545c649-dd7e-43f8-9132-60f908060d53,user_60,3186.57,2025-02-26 22:17:28,QR,Failed,Android
f44a0317-3326-4f68-9831-6d60f276f265,user_121,4863.56,2025-01-08 01:58:23,QR,Success,iOS
ceb39f9a-63d4-4c37-a80b-58d31e0072e6,user_34,2346.25,2025-01-15 19:24:22,QR,Success,Android
2ec3a05f-cb1b-480d-b368-ee420e980205,user_29,3156.8,2025-03-25 06:21:09,P2P,Success,iOS
ad07807b-cad2-448e-b9f0-3919c5b0626a,user_20,541.65,2025-03-07 16:57:26,QR,Failed,Android
72db168e-7435-4eb1-bd45-247888aa4024,user_76,702.37,2025-03-18 21:04:31,P2P,Failed,iOS
430c9fcc-6a1a-4bdb-94b2-a4a2a227b758,user_124,705.4,2025-02-26 14:46:25,P2P,Success,iOS
ca2564c3-0e79-4dc0-9497-2ec4f7e6b591,user_38,1568.28,2025-02-03 00:55:39,P2P,Success,iOS
e24046df-e76a-467c-824f-2c9335b71cee,user_151,2318.85,2025-02-03 11:20:28,P2P,Failed,Android
a6ba9a63-1911-4b6f-870f-7a4e54475420,user_156,1134.03,2025-01-22 04:40:30,P2P,Success,Android
cc1deb5a-25ec-4f3c-88cb-a1d9f1a3d841,user_93,2036.02,2025-06-26 12:28:42,QR,Failed,Android
f8ace3ff-7e5a-44a4-bb10-4ccad4d52952,user_193,137.77,2025-05-13 20:09:27,QR,Failed,iOS
3ff6f3df-d2fc-4f91-b4c4-73a17da74aeb,user_44,3170.77,2025-04-21 19:57:42,P2P,Success,Android
1269bae0-dbcb-4460-80a4-9c6a9d88c25b,user_198,2738.65,2025-04-19 02:17:30,QR,Success,Android
33878010-e693-4712-ae22-9cdd8d5d158f,user_125,1677.64,2025-02-02 23:55:01,QR,Failed,Android
70ad2405-346f-4285-9415-af5e5cd7f6a6,user_176,4864.4,2025-06-16 03:10:38,QR,Success,Android
a922f888-2434-4482-9fac-b32e2ce00f58,user_61,4052.38,2025-04-23 13:08:45,QR,Success,Android
64665374-5bd0-4d32-a9f6-1fcb110f6cad,user_80,4745.15,2025-03-22 00:41:53,QR,Success,iOS
c4738592-25f8-4900-a95b-04c5f5ae0db6,user_164,2538.45,2025-05-25 21:37:04,P2P,Success,Android
a210a26f-7cff-457d-8126-2b191e4d1c9d,user_164,2315.44,2025-04-01 19:16:01,P2P,Failed,iOS
b82751e5-438e-4eeb-be66-ceb0068cdeff,user_24,542.86,2025-01-11 01:04:33,QR,Failed,iOS
78b65e15-3fa9-4932-9d26-c974d3d3a203,user_13,4729.47,2025-06-13 17:50:29,P2P,Success,Android
1e0712b9-c236-4eab-afb2-4500bd883bab,user_42,1710.52,2025-02-19 03:16:26,P2P,Success,iOS
e9c22d49-67dd-4d69-8334-5a0808d8442f,user_135,3345.69,2025-04-12 05:04:28,P2P,Failed,Android
33e6e82f-49d8-4853-8237-e956298fe3b5,user_19,949.45,2025-03-27 08:21:53,QR,Success,iOS
9ebb7136-496f-4292-ab3d-4796a97b34f6,user_117,4771.4,2025-01-15 20:47:47,P2P,Success,iOS
9a1f5d18-eca9-41ca-8ae2-c09acb28ce2a,user_30,3405.25,2025-05-31 23:39:32,QR,Failed,Android
b13ade6b-ab48-4216-8fd5-6b91116aa8d6,user_62,3174.04,2025-05-24 01:32:49,P2P,Failed,iOS
a5083d06-bfcd-4414-b194-2e0b4dd0e1d5,user_5,4393.62,2025-02-14 22:17:48,QR,Failed,Android
1180258f-8b45-45dd-9935-a50e10dd9753,user_2,1393.55,2025-02-14 09:22:54,QR,Failed,iOS
7ef5b986-7a61-4dea-93c3-1c1e9e968947,user_101,784.51,2025-06-22 14:21:00,P2P,Failed,iOS
cf2ffe13-4e3e-4b52-bb33-b8f38565eaac,user_134,1061.64,2025-01-06 12:14:07,P2P,Success,iOS
fe09d1ad-0478-4e96-b6cd-075f87434d9c,user_128,2219.15,2025-03-26 05:42:52,QR,Success,Android
920e24fb-e67d-472f-9073-3dbcba6c9312,user_117,4697.74,2025-05-27 11:33:42,QR,Success,iOS
ec1b768c-767a-4657-bb46-6fef401c50bb,user_135,4135.3,2025-06-04 14:52:07,QR,Failed,iOS
9c91ce25-8485-4ea5-957b-52a1e3232dca,user_178,4562.2,2025-06-06 22:31:54,QR,Failed,Android
8785bc00-740f-4703-b730-8b092529c0d2,user_14,1832.15,2025-03-17 14:16:47,P2P,Failed,iOS
3e306048-83aa-4f3b-b85f-cc9a632edba9,user_7,2528.67,2025-03-25 14:02:23,P2P,Success,Android
2f929aec-6d7a-45f4-b73d-9423ea402d41,user_41,2711.61,2025-01-28 14:05:55,P2P,Success,iOS
dac3d2ef-d02e-4d4d-98f3-6081f3e6d876,user_48,1119.29,2025-01-10 09:49:44,QR,Failed,iOS
d04163bf-b009-4da2-af35-8207ec1c8364,user_14,2945.46,2025-02-15 00:06:02,QR,Failed,Android
5b8eacaf-ae7a-4a5a-83bc-84939ac579b3,user_17,1280.64,2025-03-09 00:46:51,P2P,Success,Android
dd8e1322-8f42-4919-b25a-caf00525ca77,user_17,3435.16,2025-03-10 22:55:00,QR,Failed,iOS
a2967f79-2ffc-44b4-9a62-797f14a234ba,user_51,4930.3,2025-05-18 15:04:51,QR,Success,iOS
460351d8-3044-4d3d-b683-abf247057625,user_98,2270.62,2025-02-26 05:11:41,P2P,Success,iOS
371d0494-4fac-4024-9f0e-258c17cf9626,user_142,1854.58,2025-02-10 23:46:46,QR,Failed,iOS
8a44cddb-d27b-4d21-862c-02090fd7aa8d,user_110,1513.46,2025-06-15 19:12:10,P2P,Success,iOS
1daacf36-b3df-4bae-a812-2e903127f8f2,user_111,3702.39,2025-05-29 05:57:21,P2P,Success,Android
7ef580e3-09b6-407d-9ce2-2bcc73ae538f,user_128,1135.25,2025-04-08 17:37:06,QR,Failed,Android
fd95602a-2204-4c5c-9eb6-b829e679b756,user_84,3796.14,2025-01-15 20:59:28,QR,Success,iOS
92bd2746-8c30-421d-a1a5-998b19f5430b,user_54,1677.71,2025-04-01 23:56:01,P2P,Failed,iOS
0a82a5d3-f980-4171-a5ab-7cac571ca10c,user_99,3528.66,2025-05-06 23:47:16,P2P,Failed,Android
849a835f-d7a8-4265-b29c-29eb655e2fd3,user_85,512.77,2025-06-29 03:24:35,QR,Failed,Android
d756f8b1-1441-4ab1-85ff-d981febb88a1,user_71,3111.4,2025-06-24 07:37:49,P2P,Success,iOS
78981737-293f-4268-a04b-c8fa149ddb55,user_152,4894.54,2025-01-07 22:22:32,P2P,Failed,Android
f7de9aed-1f43-4e8f-bacb-8f750f6130ee,user_95,4920.67,2025-06-12 12:43:47,P2P,Failed,iOS
cbc1c419-825c-45e3-ad35-2173ad18d70d,user_20,3885.91,2025-03-28 03:43:34,QR,Success,Android
4f9bc579-7ca2-4fa1-82e7-10629476a205,user_1,4764.17,2025-02-12 00:05:45,P2P,Success,iOS
279a941d-7d3e-4403-90ef-4e40a812d7c6,user_192,2418.11,2025-03-15 21:01:25,P2P,Failed,iOS
de9e4cfb-29ab-4486-9ca6-999fe9dd7b3f,user_47,3500.9,2025-06-09 07:29:48,P2P,Success,iOS
8753f102-fa08-4131-b469-e3c1db515598,user_165,3806.06,2025-02-14 11:51:23,QR,Failed,iOS
75c4c388-4152-4e59-9bc1-ed92293e4f56,user_110,4909.23,2025-05-01 14:08:41,QR,Success,iOS
180081d6-107c-4fed-be78-5a6358e9a86a,user_52,3006.56,2025-06-29 22:15:38,P2P,Success,Android
d8b364cf-b414-42a0-b7e0-db3055e30609,user_102,4944.41,2025-01-15 23:27:22,P2P,Failed,Android
454fee31-72ae-4974-afcc-4eeaf2101101,user_117,235.7,2025-06-26 00:45:50,QR,Success,Android
e37f5ebc-3299-4374-8c08-da5b8ad2b5c5,user_24,2028.35,2025-06-03 12:01:17,P2P,Failed,Android
7ba7371e-710d-4581-b7f8-7cf301de6225,user_27,3725.49,2025-05-22 12:35:35,P2P,Success,Android
57cdd0a1-e6e6-4462-baeb-90eaf309d70a,user_182,1735.61,2025-05-11 12:01:08,QR,Failed,Android
d6a6d909-beb9-491d-a489-844fb12da321,user_190,2614.06,2025-06-26 12:49:31,QR,Failed,Android
909b05da-58b8-4708-a670-8e34175d459d,user_155,2939.98,2025-03-07 18:30:11,P2P,Success,iOS
630deb3b-4552-43f5-b183-07a5a51ab24d,user_77,121.78,2025-02-13 11:50:40,P2P,Failed,iOS
cfb80edd-cf84-4116-ac1d-98e9625e9ae3,user_151,3263.35,2025-05-04 04:20:36,QR,Failed,Android
f065e5e5-129d-431b-ac20-42cc78c5e0f7,user_189,2699.55,2025-03-27 05:55:35,QR,Failed,Android
a03b4d08-e4da-4433-aeb6-d1f57f22db69,user_169,3174.53,2025-01-30 05:38:11,P2P,Failed,Android
c45a7ca7-4e9d-4eec-9b3d-23d7afb25d67,user_116,2650.91,2025-06-18 21:58:22,P2P,Success,Android
55563662-41cc-4c71-b117-b63b63187771,user_198,90.7,2025-04-23 02:04:19,P2P,Failed,Android
ef99687c-93db-4d91-9209-1684253f5a1b,user_177,4991.26,2025-05-17 17:09:45,P2P,Success,Android
bbd12f1e-8eaf-4e9c-aca8-5d4e72cd1065,user_163,120.52,2025-05-28 21:24:11,QR,Success,Android
f62d3019-8b6b-4937-a7c0-9ac130c704fb,user_160,3688.16,2025-03-05 22:36:19,P2P,Success,iOS
c98771b7-c204-4e25-8970-e50696cb1751,user_160,4760.42,2025-05-20 05:14:37,P2P,Failed,Android
de0d48a8-6b48-4596-b5fd-ba9ee12e0cb6,user_64,4574.78,2025-05-13 09:33:37,QR,Failed,iOS
7d260b9d-b30d-427d-9b68-0f9c0568db5e,user_90,2279.08,2025-05-14 20:25:32,P2P,Success,iOS
c37c29d6-4ef4-4965-a245-d7a896ca6309,user_6,1747.37,2025-05-17 22:19:29,P2P,Success,iOS
7fc2cb97-f473-4fe1-84b8-240f5476aea0,user_73,3952.44,2025-01-07 07:30:46,P2P,Success,Android
653aedf0-8ca2-4aad-a8e6-3326f373e864,user_171,4567.17,2025-03-27 14:43:47,P2P,Failed,Android
4cc26d2c-a761-4d51-8c96-f0f58f09d8c8,user_7,1390.33,2025-06-13 09:32:38,QR,Success,iOS
dec70f29-7941-4736-899e-fd359733bd84,user_186,2959.48,2025-06-19 08:28:41,P2P,Failed,iOS
1eeb4098-1fc3-408f-9598-86489776185d,user_93,3075.04,2025-04-20 01:15:07,P2P,Success,iOS
5ac40f50-2375-4652-b291-133fa1265e23,user_107,256.9,2025-05-28 11:27:13,P2P,Failed,iOS
7aedde71-b9fd-4608-82c1-aa766e0d4dd1,user_117,4709.97,2025-03-24 20:13:19,P2P,Failed,iOS
fc7dccd6-6880-461a-867e-2e0ccf6dc15e,user_167,3777.4,2025-04-20 13:11:00,QR,Success,iOS
450b478c-5671-48a2-8a61-9f19509af6a5,user_66,1314.95,2025-05-22 03:17:04,QR,Success,iOS
4777d0c3-8cb2-4220-877e-b1d07c57ea95,user_32,4467.81,2025-06-03 18:53:15,QR,Success,Android
51d18993-600c-42dd-abb3-c9250fbeb39f,user_63,467.59,2025-01-08 04:40:58,P2P,Success,iOS
b6355057-60bb-40b1-9897-863b72f1f925,user_102,2779.01,2025-01-06 03:43:35,QR,Success,iOS
baa54985-4fd6-4547-a666-06a54f685e4d,user_24,2975.53,2025-06-12 00:46:56,P2P,Failed,iOS
435dc03a-a4cb-4bd7-856a-8f6cd1582af5,user_11,2298.45,2025-06-18 18:49:35,P2P,Failed,iOS
566af41c-ca8c-4279-bdc6-63949e4b70a8,user_85,3521.49,2025-04-02 07:12:53,P2P,Success,iOS
9bb7be84-70bf-40ed-911c-f52430f8fe3d,user_96,2856.0,2025-05-30 17:56:35,QR,Failed,Android
a86aba3d-9231-40ca-8014-d345f8b62162,user_102,712.73,2025-05-10 12:51:22,P2P,Success,Android
23b99012-bc98-4be8-9d85-297cfc9a6971,user_4,3488.16,2025-05-06 01:43:12,P2P,Success,iOS
4d8c27f3-7614-4d59-a78d-21a19e258af6,user_89,1075.74,2025-03-28 21:24:16,P2P,Success,Android
fbaea6d3-a189-469f-89e7-1c0a5a2ac6be,user_20,3399.95,2025-01-10 06:44:43,QR,Failed,Android
c879fc9c-c106-4ce0-8782-ca94df7f84c8,user_2,916.47,2025-02-11 05:50:51,QR,Success,Android
98297788-e8da-41eb-9baa-c4d76a3fb69b,user_82,461.83,2025-03-22 17:43:39,QR,Failed,Android
2338958b-c2f1-4cef-9b67-e7658c130694,user_140,1781.91,2025-04-11 05:04:30,QR,Failed,iOS
514fad6a-cd03-475d-999d-54697d9c3aa5,user_116,1269.61,2025-03-20 15:56:40,QR,Success,Android
7426e137-faf5-4ce9-9c0e-29c6a86110e9,user_161,3746.56,2025-06-27 10:30:49,P2P,Failed,iOS
2533bc55-0784-439e-a012-81229d692932,user_36,320.62,2025-06-06 12:18:25,P2P,Failed,iOS
ad1f9ec6-970f-48d0-81ce-dbe4038d9b27,user_15,3021.63,2025-05-26 18:41:24,P2P,Success,iOS
fcdb9bd8-8e1f-48ef-a4a5-842161bda891,user_190,3374.34,2025-04-17 03:17:45,P2P,Success,iOS
a933f649-8941-480b-a0fa-34a6372bbf58,user_103,1394.26,2025-01-06 16:45:09,P2P,Success,Android
4a869829-85fc-4b67-887f-0e4e199c941b,user_147,2819.19,2025-04-28 12:46:11,P2P,Failed,Android
bdce005d-fdbf-4183-a122-1eb6d8dd66fc,user_181,1859.1,2025-01-16 02:39:43,QR,Success,Android
4babf73b-dcdf-42b2-8665-53c1efee2807,user_181,1779.12,2025-03-01 17:26:26,QR,Success,iOS
65e0ba9f-ce82-4f23-8e5a-6762b46fdd28,user_131,2685.74,2025-05-01 09:28:37,QR,Success,iOS
fe2ecebf-8f89-401b-81da-7c00205a475d,user_178,1337.6,2025-04-15 01:42:20,QR,Success,Android
e1fb2ba4-e2e0-4f62-b313-2b8fec9e32ee,user_103,1509.04,2025-04-27 02:04:23,P2P,Success,iOS
17e17123-67d8-47c9-b5c7-76414d0bf712,user_139,4588.9,2025-04-17 05:33:23,P2P,Failed,iOS
2e799ef5-1f70-4e23-bf0c-92f55d52b398,user_123,2633.17,2025-01-20 01:00:13,QR,Failed,iOS
4fe40eb7-b9d0-4fbe-ae33-b27273d82224,user_132,3549.35,2025-02-08 07:26:06,P2P,Failed,Android
2324ae98-1d24-46b4-a897-599f25867d46,user_200,4654.09,2025-06-01 11:31:51,P2P,Success,Android
6a8cf0da-13b2-475a-9f00-eea007c0eeda,user_3,4762.09,2025-04-25 04:09:30,P2P,Failed,iOS
3cc823f6-97a3-46d1-94ed-2e94e74de47f,user_195,4085.39,2025-01-15 18:09:26,P2P,Success,iOS
e8992138-4ec1-40d1-bb3a-c5a380559d77,user_61,36.95,2025-03-04 17:22:22,QR,Failed,Android
249cb281-af49-469a-b23b-0ba958cb8067,user_12,2677.06,2025-02-05 12:32:01,P2P,Failed,Android
2bd4effc-c7a3-4575-8f7e-40c20d7737f2,user_99,1054.72,2025-05-20 10:22:32,QR,Failed,iOS
81e4aeb5-bdc1-4994-ad2a-1cfe99a98589,user_92,2739.5,2025-06-02 13:00:17,QR,Failed,iOS
d33a2618-a7d1-4023-823c-fd44f8c67efd,user_118,3777.68,2025-01-05 13:53:20,P2P,Success,Android
26fb2240-d3d0-43b9-b38d-dece47632134,user_126,1433.25,2025-06-05 19:15:31,P2P,Success,iOS
ee34bfc4-b1db-4edf-b496-fb33f89e6bd6,user_65,180.12,2025-02-20 08:36:45,P2P,Failed,iOS
2cb401a7-4788-45ff-b421-b1acad10d42e,user_35,3450.93,2025-01-25 04:54:26,QR,Failed,Android
512b6ae5-2506-4939-b37c-5d83ab491f53,user_156,3017.91,2025-06-18 22:31:21,QR,Success,Android
8589dbff-a906-4305-b396-3768b1001795,user_3,2728.56,2025-01-29 05:13:04,P2P,Success,Android
8c4ee399-d36d-4365-81be-9ce18c7fdc5c,user_81,3075.66,2025-01-06 10:23:39,P2P,Failed,Android
c4bd50b0-7aad-40a2-a06d-1bd7897f565f,user_175,2651.72,2025-05-19 15:57:17,QR,Success,Android
e37d905d-0e3f-48c9-b174-70d177767a20,user_23,2249.53,2025-06-14 18:24:33,QR,Success,Android
dcfd987f-4eb7-43b4-9717-2e466484da14,user_29,3068.81,2025-05-14 01:07:05,P2P,Success,Android
6879d8b2-83ce-4878-b2f4-114661a41987,user_191,3684.5,2025-06-19 05:53:17,QR,Failed,Android
edbc77c9-4c49-4aaa-b91c-d33d2a21d2e7,user_59,2327.65,2025-03-05 10:32:42,P2P,Success,Android
d5c41c35-a2c2-4a92-b5b5-21955081d6cc,user_42,3944.4,2025-03-20 21:53:42,P2P,Success,Android
e805ce7f-3f71-4237-80fe-a63153250b0b,user_42,2145.89,2025-04-03 14:22:23,QR,Failed,iOS
174e9fb3-2280-4aa7-baa7-12a2569a57fa,user_81,4162.96,2025-02-06 04:23:18,P2P,Success,Android
ee70ec5f-9066-41df-8efc-3e989a114e82,user_71,3834.81,2025-02-17 15:08:57,P2P,Success,Android
3bcd39c7-9a91-439b-acf5-b50ef8da4597,user_146,4616.74,2025-01-14 19:24:39,P2P,Failed,iOS
2c8069b7-f023-4aef-b995-f68fac2f8902,user_94,907.64,2025-04-26 19:24:44,QR,Success,Android
d5df4e72-7615-4aff-a0b3-dddbe810b70f,user_57,367.47,2025-01-03 15:11:32,QR,Success,Android
ddee2575-b5af-4d45-bb10-e37e6fc68aca,user_139,4571.18,2025-03-31 10:26:07,QR,Success,iOS
bf937679-e97d-458f-b112-1265e1da54f1,user_2,3259.45,2025-06-04 04:09:06,QR,Failed,iOS
f096334e-9b7d-48e0-84b7-73a0c745dcf2,user_70,3249.69,2025-04-20 01:51:19,QR,Failed,Android
eabdb0f6-26da-4f0c-bae9-34f2cfea893a,user_59,3161.01,2025-02-19 22:56:39,P2P,Success,Android
b40cc5f7-99cd-4432-b091-4e043f9b052b,user_38,4899.64,2025-01-16 19:35:07,P2P,Failed,iOS
dd0d75f3-ab8d-4eec-a312-6d702124ebae,user_52,2204.93,2025-04-28 12:01:13,P2P,Success,Android
172b3930-67aa-4e92-8e24-fd708c18db6f,user_42,2903.04,2025-03-04 02:23:34,P2P,Success,iOS
d79a3a47-9a2b-4be3-a933-a735e51d9e18,user_59,3145.6,2025-04-14 14:14:35,QR,Failed,Android
f4c324f6-bf18-4644-bb9a-457d90c780a0,user_16,1446.87,2025-01-09 10:25:55,QR,Failed,iOS
ffaf0629-6e6c-4cf3-bbff-edb2a4bf4608,user_127,4055.0,2025-01-03 11:59:28,QR,Success,iOS
208c67fe-ab20-4482-8f8e-e32e9a5fca44,user_163,4336.54,2025-02-13 09:02:07,QR,Failed,iOS
e710f378-5b45-40ee-b816-fa92d0da963b,user_113,1150.74,2025-02-07 22:38:35,QR,Success,Android
d67332e3-9a23-4aa9-ab8d-f734024d6bee,user_48,2296.31,2025-05-01 11:20:13,P2P,Success,iOS
9ec14493-2087-473e-bd87-be806f9951c4,user_102,255.29,2025-02-19 09:40:38,QR,Success,iOS
5fe6bdb1-c1ad-413c-8af1-da97c6468095,user_143,1190.41,2025-01-09 10:32:43,P2P,Success,Android
1bf9b8f7-04bc-402a-8fa8-0b97998535d7,user_38,4823.17,2025-01-24 13:13:25,QR,Success,iOS
a3703d7c-d13e-46ec-aae5-85f740ae4b12,user_33,4748.34,2025-01-12 20:00:48,P2P,Failed,Android
c494939d-cdb6-41a7-8f6f-9d3df9c33e55,user_51,4839.73,2025-04-29 07:53:29,P2P,Failed,iOS
fa6198f5-5c82-44a6-ae27-7c23dba6d184,user_121,3338.67,2025-01-08 00:38:03,QR,Failed,Android
8fc9b461-42f5-4681-aeb8-fbba54c0b390,user_72,2357.55,2025-05-02 02:37:57,QR,Failed,Android
993ef76a-adf2-4290-a8f9-220702c79ef8,user_109,4557.79,2025-04-02 02:41:58,P2P,Success,iOS
536e4351-60d5-471a-bc5f-76f5ab988873,user_23,1942.28,2025-04-23 09:32:20,P2P,Failed,iOS
2d616380-7238-4ecb-a711-f32499e73921,user_45,1302.15,2025-05-14 19:26:59,QR,Failed,iOS
848f6c5f-e7e3-47d3-b2a3-acbdb6d1b8ea,user_142,4862.84,2025-02-27 10:37:36,P2P,Failed,Android
b9447259-37ff-4555-96e7-73a2cdbd0095,user_37,2818.92,2025-05-02 22:46:50,P2P,Success,Android
55fd5b36-2a9f-4bc3-89bb-2bfd4c1ec028,user_16,44.45,2025-05-30 14:42:02,QR,Success,iOS
0e92c2a9-e56b-4807-b30a-0362cb7aa788,user_8,2272.02,2025-01-11 09:30:33,QR,Failed,iOS
acbb4954-0353-4374-bb28-4bc310762ba5,user_133,206.36,2025-05-05 18:06:05,QR,Failed,iOS
1b8220f8-4ee8-4627-9c08-1ec9fedd8a79,user_114,3421.19,2025-03-09 21:57:35,P2P,Success,Android
6a9140cb-9bd1-4607-9a96-81a2afd6af9a,user_168,693.2,2025-05-15 14:31:45,QR,Success,iOS
feac00a4-f196-41ff-b67f-44aaeedf2fa5,user_152,2824.59,2025-03-02 11:28:01,P2P,Failed,iOS
1ce151fe-fc9f-460a-bad6-70c86056c04e,user_54,2030.24,2025-05-08 21:49:39,P2P,Failed,Android
9f7e2ced-cf3f-4dcc-9d74-d833b9b14a78,user_76,650.43,2025-05-03 13:31:45,P2P,Success,Android
09dc74a4-16b5-44f9-b7c5-324f9a65caa4,user_84,1537.43,2025-06-22 19:18:51,QR,Failed,Android
5d9457f4-97f7-40e0-888e-8106ff8ae4eb,user_77,3666.04,2025-02-06 17:50:10,QR,Failed,Android
0a7c0627-95ce-4ed5-ac48-89d066811baa,user_194,4190.62,2025-06-07 23:33:09,QR,Success,iOS
39818085-21b9-4593-a5c5-e16507cf95df,user_123,800.15,2025-04-27 17:02:45,QR,Failed,Android
6e564b59-e88f-4348-bb20-153de6b6a77b,user_150,417.65,2025-06-08 01:09:42,P2P,Success,Android
772d91f0-6118-4a8a-af39-f72e1fac9561,user_35,3991.18,2025-02-04 23:32:49,P2P,Failed,Android
ab610c53-31ba-46e9-881b-b85f4c8470dc,user_81,1856.31,2025-01-24 08:56:44,P2P,Success,iOS
0e707264-a038-4545-9716-abbe238e1043,user_19,1692.61,2025-04-29 02:01:27,P2P,Success,iOS
4a44cc13-3599-4d96-b32c-187b3839fbde,user_67,3261.25,2025-05-30 15:54:54,P2P,Failed,Android
a38d4237-562e-4ad4-b759-f90dd263fc25,user_77,1775.03,2025-06-24 07:08:20,P2P,Failed,Android
a4583c1f-7fd4-4dac-b11c-f86440162cb9,user_12,32.84,2025-04-15 03:33:06,QR,Success,Android
8da40f94-9398-4f3d-bfcc-90c4fe01098a,user_18,3969.57,2025-05-12 22:16:20,P2P,Failed,Android
606af0d3-4fa8-4cf1-8ae7-71546b20bd2f,user_195,2522.58,2025-05-10 00:47:40,P2P,Failed,iOS
70e15488-7393-4bee-99e1-dcb2538958af,user_41,1658.89,2025-04-14 05:03:17,QR,Failed,Android
f6818b63-8ec3-4258-89c0-d6df3f3db3c7,user_3,1417.0,2025-02-25 21:08:36,P2P,Failed,Android
387283b3-792c-4a3b-9e88-fe10caaa99e6,user_81,4141.32,2025-05-11 08:59:52,QR,Success,iOS
1f12951f-40f2-4570-b286-170714484d0e,user_100,4052.15,2025-05-12 06:32:18,QR,Success,iOS
da5111f0-6b0e-4188-a63c-fc122b87000e,user_182,3293.85,2025-02-01 23:09:53,QR,Success,iOS
73b2c2b4-b508-447b-b6a6-5dab452d057f,user_97,2311.31,2025-05-17 13:40:10,P2P,Failed,Android
d3ae7e32-3291-47c8-a526-3badfd8ee6cc,user_196,2526.57,2025-05-30 11:21:51,QR,Success,iOS
23a82ef9-6831-4434-87cb-cfb82418da34,user_173,1840.08,2025-01-03 00:45:53,QR,Failed,Android
7296adc8-776e-439e-a31a-344d1f1e0d24,user_130,581.6,2025-04-15 22:40:01,QR,Failed,iOS
7bd9d2a3-d9ac-4461-94d5-016148ff84d8,user_199,3807.82,2025-01-13 18:24:52,P2P,Failed,Android
564bee72-97ae-46dd-88a5-9fdfeff4aa21,user_70,4324.16,2025-03-18 10:43:54,QR,Failed,iOS
86e39cb1-a391-46cd-957d-7c137091a018,user_94,2242.65,2025-02-11 21:07:29,QR,Failed,iOS
b063921e-2bdc-405f-b7a0-51172934dade,user_103,450.69,2025-04-16 14:20:20,P2P,Success,Android
da702c5d-a522-431c-8415-5f90a52d5d50,user_184,834.56,2025-06-07 03:34:57,P2P,Failed,iOS
851a676d-3d83-4d3a-900c-587d97589fc9,user_132,3585.14,2025-02-15 17:44:14,P2P,Success,iOS
8c68afc8-d1f7-4f23-9bfe-a6a2a45286e0,user_133,1534.62,2025-01-27 22:01:56,QR,Success,Android
3a5a9be2-3e51-4b14-817f-265a8ea2128b,user_39,3222.12,2025-03-31 18:52:13,QR,Failed,Android
3fc5e466-3a3b-42d6-a8c0-372a1b685f6b,user_106,4326.29,2025-01-22 18:54:29,QR,Failed,Android
ea5ef4a4-25be-49e4-b346-b0d9deacf089,user_107,3672.3,2025-01-11 21:49:46,QR,Failed,iOS
c2549bca-db61-4a70-bc82-1961621ce544,user_16,3074.29,2025-06-07 04:21:58,QR,Success,Android
060bb34c-eef9-4fbc-a07f-0deaac30ed7b,user_159,625.85,2025-03-28 22:12:01,P2P,Success,Android
a55e4048-021d-449a-afc4-283c1393abb3,user_17,738.89,2025-06-25 15:14:31,QR,Success,Android
59183ff3-14d7-4158-9a04-7aaa33611f6f,user_112,4842.27,2025-04-17 19:44:25,QR,Success,iOS
115ea84e-f02a-4f80-9685-543993fd17bf,user_195,4817.93,2025-01-03 22:48:45,QR,Failed,iOS
7f064b18-a60e-4a9b-a0d8-b38e9db2b419,user_78,2594.1,2025-06-18 00:07:35,P2P,Failed,iOS
305934b4-19e9-4288-9f47-0554a3c41f89,user_197,3428.95,2025-05-03 05:28:55,QR,Failed,iOS
53b7e3e1-9103-4333-98e0-77998e12a943,user_166,4288.2,2025-02-28 16:20:35,QR,Success,Android
b5622242-92b7-4423-9977-bb59a574642f,user_98,1107.14,2025-02-02 01:51:14,P2P,Success,Android
dbe6357b-c221-47d6-8aab-d0254e0a43f7,user_153,304.34,2025-06-11 10:12:18,P2P,Failed,iOS
cbd8148c-e90b-4b0f-93e9-0a43df551daa,user_148,235.66,2025-03-06 15:04:08,QR,Success,Android
16507e6f-e482-4d29-b6e9-c139559b5eb6,user_75,1233.78,2025-02-18 20:14:12,P2P,Success,iOS
65c2e995-6de7-4da6-898e-7d74665bfc40,user_55,3453.45,2025-01-29 18:16:34,P2P,Success,iOS
274d3ceb-f0d9-41d7-8add-30d6236dd4de,user_19,166.71,2025-04-02 13:45:00,P2P,Failed,iOS
eab5e5da-b05c-4bed-bb36-8b206c6af822,user_162,2128.12,2025-06-26 17:29:08,QR,Success,Android
ee78dde1-7820-45f3-abeb-068162852545,user_190,682.9,2025-03-07 11:55:19,P2P,Failed,iOS
0ff7354f-984c-4ed5-a313-f3ee08f87d35,user_114,3661.11,2025-01-02 09:04:13,P2P,Failed,Android
b972fd4e-4d9a-456f-aa48-63dca38fd888,user_77,1930.12,2025-02-05 06:06:00,QR,Success,Android
107dafb2-f990-4cfd-b466-568b7c4d517b,user_96,1915.09,2025-01-21 18:16:31,QR,Success,iOS
b29abb3d-0722-4e6f-baa0-009278d90d55,user_88,2447.42,2025-02-22 22:45:07,QR,Success,iOS
7c3ad007-b835-4500-9b60-6221e9702b65,user_67,1907.04,2025-05-28 11:22:23,P2P,Failed,iOS
9a47a9fb-733b-44d5-a1ef-1eda3bbb2c2a,user_75,2775.25,2025-05-22 15:52:55,QR,Success,iOS
7dda381f-8f6b-4892-a1d4-7727d754033b,user_146,694.32,2025-01-19 23:47:46,P2P,Success,iOS
fa6c10e5-7876-4df0-a213-75b52e3a8874,user_189,4871.96,2025-01-05 15:32:12,QR,Success,iOS
eeba446e-b4f7-4e9f-8ca0-866f969d29c9,user_75,1188.89,2025-06-21 12:02:05,P2P,Failed,Android
0e22e936-8105-4ea9-8161-c6be4f03cf2a,user_97,2372.6,2025-04-11 06:51:06,P2P,Success,iOS
0521405d-86c9-4d18-ad5a-9e629c7737c2,user_189,1277.78,2025-01-26 01:01:51,P2P,Failed,Android
42e80d53-39fc-4802-a38b-5cab469ffe11,user_108,4158.05,2025-04-09 23:12:27,QR,Success,iOS
ea8b3549-35bc-4c0f-9e49-c6b7d0b1d450,user_166,2654.31,2025-04-27 03:20:21,QR,Success,Android
ae7f3333-9c40-49b4-a963-033ee36d5eb5,user_22,3336.44,2025-04-18 22:16:21,QR,Failed,iOS
975c9aa7-7c4b-4601-b914-fe380b6fe3cf,user_179,4775.0,2025-02-22 17:08:53,QR,Success,Android
406cb50e-2330-48ac-a3d0-76aa79614ea2,user_14,1307.85,2025-01-01 07:57:16,QR,Failed,iOS
ece005ee-c8c4-4020-a405-9c29bba63049,user_158,339.74,2025-02-14 10:19:45,P2P,Failed,Android
67f8fba3-14c2-4f54-8448-38b3a624d013,user_169,3896.67,2025-04-06 23:19:12,QR,Failed,iOS
895914ea-dbf3-4bb6-bcb4-2756ae257f24,user_125,2526.6,2025-04-05 04:11:10,QR,Failed,iOS
72987b96-1940-44d8-b183-6777b7b3f827,user_189,828.89,2025-06-23 12:15:03,P2P,Success,iOS
775845b1-293d-4197-8809-21222764bdec,user_12,2729.22,2025-03-06 07:17:55,P2P,Success,Android
62a1d2c0-3e19-41e2-99f4-8587fd303ede,user_78,236.2,2025-04-01 04:50:22,QR,Success,Android
0b41820f-d2c8-4512-b221-3ba1fd14af61,user_183,4790.75,2025-03-26 15:55:10,QR,Failed,iOS
022047aa-c939-4b19-ac1c-284dfe837923,user_50,4385.93,2025-03-18 02:00:37,P2P,Success,iOS
f0864fdf-305d-4810-9dd1-e7b15dcc2989,user_184,3114.78,2025-05-28 17:22:46,QR,Failed,Android
42cd7f4e-03ce-4877-9c9f-4a5675d517ef,user_125,4121.63,2025-06-01 22:39:13,P2P,Failed,Android
258f2df2-e031-47b7-a304-b9ee5fe80a06,user_185,2982.45,2025-06-01 19:34:58,P2P,Success,iOS
e921c20f-14a1-4ea1-bedf-fc5b9a54674c,user_112,3082.5,2025-04-11 04:30:14,P2P,Failed,iOS
092a79c5-717a-4b18-b83d-abf786d144fb,user_114,624.72,2025-03-12 11:05:16,P2P,Failed,iOS
6a7a8faf-f26f-499e-bf9a-15d10efc8d15,user_159,4708.29,2025-06-18 14:37:29,P2P,Failed,Android
9fd4628e-5b8d-42a2-9d9b-22fe8d2e564c,user_6,154.95,2025-02-17 16:18:30,QR,Success,Android
c6c1e3cb-1646-4914-b77d-ec28414781d4,user_52,3145.31,2025-06-06 06:44:35,QR,Success,iOS
126434bb-5144-4c14-b8db-db43cb461dd0,user_184,2037.5,2025-03-22 09:13:05,QR,Success,Android
273cb672-2b54-47a9-a24b-5265d71a3402,user_125,2454.91,2025-01-04 17:51:13,P2P,Success,iOS
294a8596-d177-4be4-81fa-bba52a89cde8,user_86,3922.42,2025-03-09 17:46:22,QR,Success,Android
28f69f51-5291-4110-bf52-e32c6111854f,user_28,4326.57,2025-06-17 02:10:29,QR,Failed,iOS
ffdf1501-957c-4d6f-aebc-7c493c767a02,user_91,3305.22,2025-05-13 02:40:55,P2P,Failed,iOS
5e23efde-ad42-40d4-9d15-683290b27c58,user_153,4687.28,2025-04-09 05:37:23,QR,Success,iOS
83dbe9e9-7c53-4674-ae2c-67d5ec02f29b,user_83,2199.06,2025-03-27 16:30:48,P2P,Failed,iOS
1e71a006-2b60-4228-8bf6-732b52cfc458,user_95,2423.86,2025-01-22 14:47:40,QR,Failed,iOS
e8fcc726-c675-4354-aa62-23c6e0c36554,user_129,3937.46,2025-04-22 01:32:10,QR,Failed,iOS
38920538-ea8c-4af1-be0a-cffd2d12968b,user_106,552.02,2025-02-04 00:03:48,P2P,Failed,iOS
ea384895-a968-4db7-981a-8c36f8309bb9,user_175,775.1,2025-06-20 17:22:15,P2P,Failed,iOS
01c686a0-ba08-4f57-a259-99389c1b3656,user_50,526.6,2025-02-09 15:21:31,P2P,Success,iOS
35bf55e9-4e1b-4fe0-ab85-16b919c8825d,user_4,3022.55,2025-06-15 04:49:57,QR,Success,iOS
0bb419aa-c2a4-4e09-8775-f5822b44d039,user_4,47.37,2025-06-01 05:44:01,QR,Failed,iOS
d1a24c2f-8381-4b8a-bd71-7dcc732fdf9e,user_75,3344.68,2025-01-14 13:54:22,QR,Failed,Android
88669f3b-b569-4f67-bcbd-1ebaf8f6571f,user_74,2595.21,2025-03-17 06:52:13,P2P,Success,Android
fe6097da-ddfc-42a9-8ef7-936db911d03d,user_1,723.1,2025-05-29 07:50:39,QR,Success,iOS
2cb4824e-11f4-4f1c-8281-534e2e363e35,user_45,3709.75,2025-05-29 04:50:17,P2P,Failed,Android
b986fea3-1583-4870-9974-d5924e74e0bb,user_135,507.36,2025-02-11 04:19:07,QR,Success,iOS
3d21d1bc-93b3-4b8e-bf11-e4c7720f92d3,user_110,4738.7,2025-06-18 04:36:02,P2P,Failed,Android
efc0bd76-39ba-44f7-a290-8c668f710dd3,user_46,209.34,2025-05-29 04:38:34,QR,Failed,iOS
488507e6-29a1-477a-bc93-81bd3cda5282,user_107,2982.49,2025-05-27 20:52:36,P2P,Success,Android
854bfa88-2270-4cca-b3b0-49b6417bc3f1,user_98,4950.39,2025-06-07 08:12:43,P2P,Success,Android
1bfd86fc-5ed3-41fb-bc6b-5fb40a53c770,user_68,3837.91,2025-03-14 17:25:33,QR,Failed,Android
f6e75283-eec9-4eb0-83ae-9989b591e269,user_142,2393.45,2025-03-24 07:31:38,QR,Failed,iOS
d984fc33-af8d-4770-bc88-0ddfae9178e2,user_185,974.85,2025-03-15 19:54:29,P2P,Failed,iOS
0ac3cc03-c543-4cb6-b51b-7bc04d4ed2b9,user_56,86.95,2025-04-25 09:14:07,P2P,Success,Android
